date,daily_new_cases_avg,active_cases,cumulative_total_deaths,daily_new_deaths_avg,lagged_cumulative_cases_1,lagged_cumulative_cases_2,lagged_cumulative_cases_3,cumulative_total_cases
2020-02-18,0.0,0.0,0.0,0.0,3.0,3.0,3.0,3.0
2020-02-19,0.0,0.0,0.0,0.0,3.0,3.0,3.0,3.0
2020-02-20,0.0,0.0,0.0,0.0,3.0,3.0,3.0,3.0
2020-02-21,0.0,0.0,0.0,0.0,3.0,3.0,3.0,3.0
2020-02-22,0.0,0.0,0.0,0.0,3.0,3.0,3.0,3.0
2020-02-23,0.0,0.0,0.0,0.0,3.0,3.0,3.0,3.0
2020-02-24,0.0,0.0,0.0,0.0,3.0,3.0,3.0,3.0
2020-02-25,0.0,0.0,0.0,0.0,3.0,3.0,3.0,3.0
2020-02-26,0.0,0.0,0.0,0.0,3.0,3.0,3.0,3.0
2020-02-27,0.0,0.0,0.0,0.0,3.0,3.0,3.0,3.0
2020-02-28,0.0,0.0,0.0,0.0,3.0,3.0,3.0,3.0
2020-02-29,0.0,0.0,0.0,0.0,3.0,3.0,3.0,3.0
2020-03-01,0.0,0.0,0.0,0.0,3.0,3.0,3.0,3.0
2020-03-02,0.4285714285714285,3.0,0.0,0.0,3.0,3.0,3.0,6.0
2020-03-03,0.5714285714285714,4.0,0.0,0.0,6.0,3.0,3.0,7.0
2020-03-04,3.714285714285715,26.0,0.0,0.0,7.0,6.0,3.0,29.0
2020-03-05,3.857142857142857,27.0,0.0,0.0,28.999999999999996,6.999999999999999,6.0,30.0
2020-03-06,4.0,28.0,0.0,0.0,30.0,29.0,7.000000000000001,31.0
2020-03-07,4.428571428571429,31.000000000000004,0.0,0.0,30.999999999999996,30.0,29.0,34.0
2020-03-08,5.285714285714286,37.0,0.0,0.0,34.0,31.0,30.0,40.0
2020-03-09,5.857142857142857,43.0,0.0,0.0,40.0,34.0,31.0,47.0
2020-03-10,7.857142857142857,58.00000000000001,0.0,0.0,46.99999999999999,40.0,34.0,62.0
2020-03-11,4.714285714285714,58.00000000000001,0.0,0.0,61.99999999999999,47.0,40.0,62.0
2020-03-12,6.285714285714286,69.0,1.0,0.14285714285714285,61.99999999999999,62.0,46.99999999999999,74.0
2020-03-13,7.285714285714285,70.0,2.0,0.2857142857142857,74.0,62.0,62.0,82.0
2020-03-14,9.428571428571429,88.0,2.0,0.2857142857142857,82.0,74.0,62.0,100.0
2020-03-15,10.571428571428571,99.0,2.0,0.2857142857142857,100.0,82.0,74.0,114.0
2020-03-16,11.714285714285714,114.0,2.0,0.2857142857142857,114.0,100.0,82.0,129.0
2020-03-17,11.571428571428571,126.0,3.0,0.42857142857142855,129.0,114.0,100.0,143.0
2020-03-18,15.285714285714286,152.0,3.0,0.42857142857142855,143.0,129.0,114.0,169.0
2020-03-19,17.142857142857142,170.0,4.0,0.42857142857142855,169.0,143.0,129.0,194.0
2020-03-20,23.857142857142858,221.0,5.0,0.42857142857142855,194.0,169.00000000000003,143.0,249.0
2020-03-21,33.142857142857146,304.0,5.0,0.42857142857142855,249.0,194.0,169.0,332.0
2020-03-22,40.285714285714285,364.0,8.0,0.8571428571428571,332.00000000000006,249.0,194.0,396.00000000000006
2020-03-23,52.85714285714285,454.0,11.0,1.2857142857142858,396.0,332.00000000000006,249.00000000000003,499.0
2020-03-24,56.142857142857146,485.0,11.0,1.1428571428571428,499.0,396.0,332.0,536.0
2020-03-25,69.71428571428571,601.0,13.0,1.4285714285714286,536.0,499.0,396.0,657.0
2020-03-26,76.14285714285714,661.0,21.0,2.428571428571429,657.0,536.0,499.0,726.9999999999999
2020-03-27,91.14285714285714,793.0,21.0,2.2857142857142856,727.0,657.0,536.0,887.0
2020-03-28,93.57142857142857,878.0,25.0,2.857142857142857,887.0,727.0,657.0,987.0
2020-03-29,89.71428571428571,901.0,28.0,2.857142857142857,987.0,887.0,727.0,1024.0
2020-03-30,107.42857142857143,1116.0,33.0,3.142857142857143,1024.0,987.0,887.0,1251.0
2020-03-31,123.0,1238.0,36.0,3.5714285714285716,1251.0,1024.0,987.0,1397.0
2020-04-01,191.57142857142858,1791.0,59.0,6.57142857142857,1397.0,1251.0,1024.0,1998.0
2020-04-02,259.42857142857144,2279.0,73.0,7.428571428571429,1998.0,1397.0,1251.0,2543.0
2020-04-03,310.2857142857143,2780.0,87.0,9.428571428571429,2543.0,1998.0,1397.0,3059.0000000000005
2020-04-04,371.57142857142856,3259.0,100.0,10.714285714285714,3059.0,2543.0,1998.0,3588.0000000000005
2020-04-05,466.42857142857144,3842.0,119.0,13.0,3588.0,3059.0,2543.0,4289.0
2020-04-06,503.85714285714283,4266.0,137.0,14.857142857142858,4289.0,3587.9999999999995,3059.0000000000005,4778.0
2020-04-07,564.8571428571429,4722.0,161.0,17.857142857142858,4778.0,4289.0,3587.9999999999995,5351.0
2020-04-08,559.7142857142857,5231.0,179.0,17.142857142857142,5351.0,4778.0,4289.0,5916.000000000001
2020-04-09,597.4285714285714,5862.0,228.0,22.14285714285714,5916.0,5351.0,4778.0,6725.000000000001
2020-04-10,648.7142857142857,6576.0,250.0,23.285714285714285,6725.0,5916.0,5351.000000000001,7600.0
2020-04-11,694.0,7188.0,289.0,27.0,7599.999999999999,6725.0,5916.0,8446.0
2020-04-12,702.2857142857143,7793.0,332.0,30.428571428571427,8446.0,7600.0,6725.0,9205.0
2020-04-13,810.7142857142857,8913.0,359.0,31.714285714285715,9205.0,8446.0,7600.0,10453.0
2020-04-14,876.5714285714286,9734.0,394.0,33.285714285714285,10453.0,9205.0,8446.0,11487.0
2020-04-15,922.0,10439.0,423.0,34.857142857142854,11486.999999999998,10453.0,9205.0,12370.0
2020-04-16,957.8571428571428,11213.0,449.0,31.571428571428577,12370.0,11487.0,10453.0,13430.0
2020-04-17,964.5714285714284,11824.0,487.0,33.857142857142854,13430.000000000002,12370.000000000002,11487.0,14352.000000000002
2020-04-18,1131.2857142857142,13379.0,523.0,33.42857142857143,14352.0,13430.0,12370.0,16365.0
2020-04-19,1201.4285714285713,14200.0,561.0,32.714285714285715,16365.0,14351.999999999998,13430.0,17615.0
2020-04-20,1155.142857142857,14672.0,594.0,33.57142857142857,17615.0,16365.0,14351.999999999998,18539.0
2020-04-21,1227.5714285714287,15458.0,647.0,36.142857142857146,18539.0,17615.0,16365.0,20080.0
2020-04-22,1285.7142857142858,16317.0,683.0,37.142857142857146,20080.0,18539.0,17615.0,21370.0
2020-04-23,1372.7142857142858,17304.0,723.0,39.142857142857146,21370.000000000004,20080.0,18539.0,23039.0
2020-04-24,1442.142857142857,18169.0,782.0,42.142857142857146,23039.0,21370.0,20080.0,24447.0
2020-04-25,1416.857142857143,19517.0,827.0,43.42857142857143,24447.0,23039.0,21370.0,26283.0
2020-04-26,1467.857142857143,20484.0,883.0,46.0,26283.000000000004,24447.0,23039.0,27890.0
2020-04-27,1558.8571428571431,21373.0,941.0,49.57142857142857,27890.0,26283.0,24447.0,29451.0
2020-04-28,1606.2857142857142,22566.0,1011.0,52.0,29451.000000000004,27890.000000000004,26283.0,31323.999999999996
2020-04-29,1670.2857142857142,23542.0,1083.0,57.142857142857146,31324.0,29451.000000000004,27890.0,33062.0
2020-04-30,1689.142857142857,24636.0,1159.0,62.285714285714285,33062.0,31324.0,29451.0,34863.0
2020-05-01,1830.0,26020.0,1230.0,64.0,34863.0,33062.0,31324.0,37257.0
2020-05-02,1916.5714285714284,27547.0,1333.0,72.28571428571429,37257.0,34863.0,33062.0,39699.0
2020-05-03,2087.8571428571427,29328.0,1402.0,74.14285714285714,39699.0,37257.0,34863.0,42504.99999999999
2020-05-04,2426.5714285714284,32010.999999999996,1579.0,91.14285714285714,42505.0,39699.0,37257.0,46437.0
2020-05-05,2582.285714285714,33550.0,1708.0,99.57142857142857,46437.0,42505.00000000001,39699.0,49400.0
2020-05-06,2846.4285714285716,35855.0,1801.0,102.57142857142857,49400.0,46436.99999999999,42505.0,52987.0
2020-05-07,3069.714285714286,37667.0,1908.0,107.0,52987.0,49400.0,46437.0,56351.0
2020-05-08,3205.428571428571,39803.0,2005.0,110.71428571428571,56351.0,52987.0,49400.0,59694.99999999999
2020-05-09,3301.285714285714,41384.0,2123.0,112.85714285714288,59695.0,56351.0,52987.0,62808.0
2020-05-10,3522.285714285714,43955.0,2237.0,119.28571428571429,62808.0,59694.99999999999,56351.0,67161.0
2020-05-11,3475.8571428571427,45899.0,2320.0,105.85714285714286,67161.0,62807.99999999999,59695.0,70768.0
2020-05-12,3556.0,47429.0,2443.0,105.0,70768.0,67161.0,62808.0,74292.0
2020-05-13,3581.142857142857,49073.0,2582.0,111.57142857142858,74292.0,70768.0,67161.0,78055.0
2020-05-14,3663.714285714286,51346.0,2682.0,110.57142857142857,78055.0,74292.0,70768.0,81997.0
2020-05-15,3727.0,52738.0,2788.0,111.85714285714286,81997.0,78055.0,74292.0,85784.0
2020-05-16,3977.1428571428573,53515.0,2909.0,112.28571428571429,85784.0,81997.0,78055.0,90648.0
2020-05-17,4076.714285714286,55838.0,3065.0,118.2857142857143,90648.0,85784.0,81997.0,95698.00000000001
2020-05-18,4222.857142857143,57896.0,3199.0,125.57142857142857,95698.00000000001,90648.0,85784.0,100327.99999999999
2020-05-19,4597.571428571428,60819.0,3347.0,129.14285714285714,100328.0,95698.0,90647.99999999999,106475.0
2020-05-20,4853.285714285715,63125.00000000001,3481.0,128.42857142857142,106475.0,100328.0,95698.0,112028.0
2020-05-21,5175.571428571428,66040.0,3633.0,135.85714285714286,112028.0,106475.0,100328.00000000001,118226.00000000001
2020-05-22,5572.857142857143,69192.0,3778.0,141.42857142857142,118225.99999999999,112028.0,106474.99999999999,124794.0
2020-05-23,5825.0,73116.0,3922.0,144.71428571428572,124794.00000000001,118226.0,112028.0,131423.0
2020-05-24,6119.714285714285,76764.0,4080.0,145.0,131423.0,124794.0,118226.0,138536.0
2020-05-25,6374.5714285714275,80013.0,4231.0,147.42857142857142,138536.0,131423.0,124794.0,144950.0
2020-05-26,6331.142857142857,82110.0,4406.0,151.28571428571428,144950.0,138536.0,131423.0,150793.0
2020-05-27,6579.714285714285,85738.0,4599.0,159.71428571428572,150793.0,144950.0,138536.0,158086.0
2020-05-28,6737.142857142857,89688.0,4778.0,163.57142857142858,158086.0,150793.0,144950.0,165386.0
2020-05-29,6956.714285714286,85813.0,5051.0,181.85714285714286,165386.0,158086.0,150793.0,173491.0
2020-05-30,7200.571428571428,89627.0,5264.0,191.71428571428572,173491.0,165386.0,158086.0,181827.0
2020-05-31,7439.0,93265.0,5492.0,201.71428571428572,181827.0,173491.0,165386.0,190609.0
2020-06-01,7631.428571428572,96920.0,5696.0,209.28571428571428,190609.0,181827.0,173491.0,198370.0
2020-06-02,8056.857142857143,100984.0,5922.0,216.57142857142858,198370.0,190608.99999999997,181827.00000000003,207191.0
2020-06-03,8391.142857142857,106567.0,6186.0,226.71428571428572,207191.0,198369.99999999997,190609.0,216824.0
2020-06-04,8761.0,111796.0,6467.0,241.28571428571428,216824.0,207191.0,198370.0,226712.99999999997
2020-06-05,8956.142857142857,116193.0,6758.0,243.85714285714286,226713.0,216824.00000000003,207191.00000000003,236184.00000000003
2020-06-06,9256.42857142857,120866.99999999999,7060.0,256.57142857142856,236184.0,226713.0,216824.00000000003,246622.0
2020-06-07,9553.857142857143,126312.00000000001,7326.0,262.0,246622.0,236184.0,226713.00000000003,257486.00000000003
2020-06-08,9651.142857142857,129236.0,7597.0,271.57142857142856,257486.0,246622.0,236184.0,265928.0
2020-06-09,9655.57142857143,132767.0,7848.0,275.14285714285717,265928.0,257485.99999999997,246621.99999999997,274780.0
2020-06-10,10047.285714285714,137933.0,8243.0,293.85714285714283,274780.0,265928.0,257485.99999999997,287155.0
2020-06-11,10224.285714285714,142668.0,8643.0,310.8571428571429,287155.0,274780.0,265928.0,298283.0
2020-06-12,10488.42857142857,146333.0,9039.0,325.85714285714283,298283.0,287155.0,274780.0,309603.0
2020-06-13,10714.857142857143,149947.0,9353.0,327.57142857142856,309603.0,298283.0,287155.0,321626.0
2020-06-14,10756.714285714286,153413.0,9681.0,336.42857142857144,321626.0,309603.0,298283.0,332783.0
2020-06-15,11014.0,152623.0,10083.0,355.14285714285717,332783.0,321626.0,309603.0,343026.0
2020-06-16,11340.142857142857,154488.0,12121.0,610.4285714285714,343026.00000000006,332783.0,321626.0,354161.0
2020-06-17,11444.142857142857,160358.0,12468.0,603.5714285714286,354161.0,343026.00000000006,332783.0,367264.0
2020-06-18,11829.714285714286,163089.0,12820.0,596.7142857142857,367264.00000000006,354161.00000000006,343026.0,381091.0
2020-06-19,12315.57142857143,168410.0,13196.0,593.8571428571429,381091.0,367264.0,354161.0,395812.0
2020-06-20,12871.57142857143,170038.0,13508.0,593.5714285714286,395812.0,381091.0,367264.0,411727.0
2020-06-21,13446.714285714286,175717.0,13941.0,608.5714285714286,411727.0,395812.00000000006,381091.0,426910.0
2020-06-22,13917.714285714286,178054.0,14259.0,596.5714285714286,426910.0,411727.0,395812.0,440450.0
2020-06-23,14564.857142857145,182806.0,14735.0,373.4285714285714,440450.0,426910.0,411727.0,456115.0
2020-06-24,15102.999999999998,186131.0,15166.0,385.42857142857144,456115.0,440450.0,426909.99999999994,472985.0
2020-06-25,15725.57142857143,189925.0,15574.0,393.42857142857144,472984.99999999994,456115.0,440450.0,491170.0
2020-06-26,16233.42857142857,197568.0,15961.0,395.0,491170.00000000006,472984.99999999994,456115.0,509446.0
2020-06-27,16835.714285714286,203049.0,16381.999999999998,410.57142857142856,509446.0,491170.0,472985.0,529577.0
2020-06-28,17469.571428571428,210648.0,16775.0,404.85714285714283,529577.0,509446.0,491170.0,549197.0
2020-06-29,18155.14285714286,215066.0,17199.0,420.0,549197.0,529577.0,509446.0,567536.0
2020-06-30,18525.285714285714,220239.0,17717.0,426.0,567536.0,549197.0,529577.0,585792.0
2020-07-01,18890.714285714286,227159.0,18165.0,428.42857142857144,585792.0,567536.0,549197.0,605220.0
2020-07-02,19428.285714285714,228714.0,18552.0,425.42857142857144,605220.0,585792.0,567536.0,627168.0
2020-07-03,20063.285714285714,236564.00000000003,19006.0,435.0,627168.0,605220.0,585792.0,649889.0
2020-07-04,20618.14285714286,245213.00000000003,19629.0,463.85714285714283,649889.0,627168.0,605220.0,673904.0
2020-07-05,21234.14285714286,252888.00000000003,20057.0,468.85714285714283,673904.0000000001,649889.0,627168.0,697836.0
2020-07-06,21830.0,259653.00000000003,20543.0,477.7142857142857,697835.9999999999,673904.0,649889.0,720346.0
2020-07-07,22527.0,265393.0,21030.0,473.2857142857143,720346.0,697836.0000000001,673904.0,743481.0
2020-07-08,23404.571428571428,270968.0,21530.0,480.7142857142857,743481.0000000001,720346.0000000001,697836.0000000001,769052.0000000001
2020-07-09,23953.428571428572,276859.0,22023.0,495.85714285714283,769052.0,743481.0,720346.0,794842.0
2020-07-10,24673.428571428572,283844.0,22553.0,506.7142857142857,794842.0,769052.0,743481.0,822603.0
2020-07-11,25207.71428571429,291018.0,23109.0,497.14285714285717,822603.0,794842.0000000001,769052.0,850358.0
2020-07-12,25947.14285714286,301415.0,23622.0,509.2857142857143,850358.0,822603.0,794842.0,879466.0
2020-07-13,26757.0,311356.0,24177.0,519.1428571428571,879466.0,850358.0,822603.0,907645.0
2020-07-14,27715.142857142862,319625.0,24782.0,536.0,907645.0,879466.0,850358.0,937487.0
2020-07-15,28731.0,331018.0,25416.0,555.1428571428571,937487.0,907644.9999999999,879465.9999999999,970169.0000000001
2020-07-16,30113.571428571428,342921.0,26114.0,584.4285714285714,970168.9999999999,937487.0,907645.0000000001,1005636.9999999999
2020-07-17,31122.0,359575.0,26804.0,607.2857142857144,1005637.0,970169.0,937487.0,1040457.0
2020-07-18,32500.85714285714,372876.0,27358.0,607.0,1040457.0,1005637.0000000001,970169.0,1077864.0
2020-07-19,34091.57142857143,389664.0,28044.0,631.7142857142857,1077864.0,1040457.0,1005637.0,1118107.0
2020-07-20,35324.57142857143,401559.0,28656.0,639.8571428571429,1118107.0,1077864.0,1040457.0,1154917.0
2020-07-21,36656.857142857145,412347.0,29345.0,651.8571428571429,1154917.0,1118107.0,1077864.0,1194085.0
2020-07-22,38502.142857142855,424928.0,30490.0,724.8571428571429,1194085.0,1154917.0,1118107.0,1239684.0
2020-07-23,40356.142857142855,439277.0,31260.0,735.1428571428571,1239684.0,1194085.0,1154917.0,1288130.0
2020-07-24,42366.42857142857,454875.0,32040.0,748.0,1288130.0,1239684.0,1194085.0,1337022.0
2020-07-25,43947.142857142855,466510.0,32749.0,770.1428571428571,1337022.0,1288130.0,1239684.0,1385494.0
2020-07-26,45416.0,483795.00000000006,33489.0,777.8571428571429,1385493.9999999998,1337022.0,1288130.0,1436019.0
2020-07-27,46798.0,495175.0,34139.0,783.2857142857143,1436019.0,1385494.0,1337022.0,1482502.9999999998
2020-07-28,48292.857142857145,508428.00000000006,34937.0,798.8571428571429,1482503.0,1436019.0,1385494.0,1532135.0
2020-07-29,49242.857142857145,527042.0,35731.0,748.7142857142858,1532135.0,1482503.0,1436019.0,1584383.9999999998
2020-07-30,50174.28571428572,543722.0,36535.0,753.5714285714286,1584384.0,1532135.0,1482503.0,1639350.0
2020-07-31,51433.142857142855,564086.0,37321.0,754.4285714285714,1639350.0000000002,1584384.0000000002,1532135.0,1697054.0
2020-08-01,52346.42857142857,566844.0,38196.0,778.1428571428572,1697054.0,1639350.0,1584384.0,1751919.0
2020-08-02,52668.99999999999,578501.0,38973.0,783.4285714285714,1751918.9999999998,1697053.9999999998,1639350.0,1804702.0
2020-08-03,53261.142857142855,585086.0,39805.0,809.4285714285713,1804702.0,1751919.0,1697054.0,1855330.9999999998
2020-08-04,53496.857142857145,584277.0,40676.0,819.8571428571429,1855331.0,1804702.0,1751919.0000000002,1906613.0
2020-08-05,54122.142857142855,594416.0,41623.0,841.7142857142857,1906613.0000000002,1855331.0,1804701.9999999998,1963239.0
2020-08-06,55151.28571428572,605475.0,42550.0,859.2857142857143,1963239.0,1906613.0,1855331.0,2025409.0
2020-08-07,55687.142857142855,615682.0,43513.0,884.5714285714286,2025409.0,1963239.0,1906613.0000000002,2086864.0
2020-08-08,57157.28571428571,627800.0,44416.0,888.5714285714286,2086864.0,2025409.0,1963239.0,2152020.0
2020-08-09,58490.71428571428,634407.0,45452.0,925.5714285714286,2152020.0,2086863.9999999998,2025409.0,2214137.0
2020-08-10,58831.71428571428,639145.0,46368.0,937.5714285714286,2214137.0,2152020.0,2086864.0,2267153.0
2020-08-11,60255.99999999999,643077.0,47227.0,935.8571428571429,2267153.0,2214137.0,2152020.0,2328405.0
2020-08-12,61747.42857142858,651413.0,48198.0,939.2857142857144,2328405.0,2267153.0,2214137.0,2395471.0
2020-08-13,62029.14285714285,659750.0,49227.0,953.8571428571429,2395471.0,2328405.0,2267153.0,2459613.0
2020-08-14,62622.571428571435,667421.0,50245.0,961.7142857142857,2459613.0,2395471.0,2328405.0,2525222.0
2020-08-15,62455.428571428565,677316.0,51220.0,972.0,2525222.0,2459613.0,2395471.0,2589208.0
2020-08-16,61882.71428571429,677028.0,52212.0,965.7142857142857,2589208.0,2525222.0,2459613.0,2647316.0
2020-08-17,62064.428571428565,672246.0,53110.0,963.1428571428571,2647316.0,2589208.0,2525222.0,2701604.0
2020-08-18,62603.0,675694.0,54229.0,1000.2857142857143,2701604.0,2647316.0,2589208.0,2766626.0000000005
2020-08-19,62907.28571428572,684522.0,55232.0,1004.8571428571429,2766626.0,2701604.0000000005,2647316.0,2835821.9999999995
2020-08-20,63530.857142857145,690155.0,56233.0,1000.8571428571429,2835822.0,2766625.9999999995,2701604.0,2904329.0
2020-08-21,64020.857142857145,695358.0,57211.0,995.1428571428571,2904329.0,2835822.0,2766626.0000000005,2973368.0
2020-08-22,64889.71428571428,705384.0,58152.0,990.2857142857143,2973368.0,2904328.9999999995,2835822.0,3043436.0
2020-08-23,65409.857142857145,709371.0,59018.0,972.2857142857143,3043436.0000000005,2973368.0,2904329.0,3105185.0
2020-08-24,66182.42857142857,701883.0,59897.0,969.5714285714284,3105185.0,3043436.0,2973368.0,3164881.0
2020-08-25,66446.85714285714,703510.0,60992.0,966.1428571428571,3164881.0,3105185.0,3043435.9999999995,3231754.0000000005
2020-08-26,67418.14285714286,722274.0,62032.0,971.4285714285714,3231754.0,3164881.0000000005,3105185.0,3307749.0
2020-08-27,68606.57142857143,738391.0,63121.0,984.0,3307748.9999999995,3231754.0,3164881.0,3384575.0
2020-08-28,69696.0,749537.0,64165.0,993.4285714285716,3384575.0,3307749.0,3231754.0,3461240.0
2020-08-29,70896.57142857143,762065.0,65127.0,996.4285714285714,3461239.9999999995,3384575.0,3307749.0,3539712.0
2020-08-30,73426.28571428571,780132.0,66109.0,1012.9999999999999,3539712.0,3461239.9999999995,3384575.0000000005,3619168.9999999995
2020-08-31,74722.57142857143,783619.0,66943.0,1006.5714285714286,3619169.0,3539712.0,3461240.0,3687939.0000000005
2020-09-01,76336.28571428571,798592.0,67995.0,1000.4285714285713,3687939.0,3619169.0,3539711.9999999995,3766108.0
2020-09-02,77317.0,812526.0,69046.0,1002.0,3766108.0000000005,3687939.0,3619169.0,3848968.0
2020-09-03,78364.14285714286,828087.0,70150.0,1004.1428571428572,3848968.0,3766108.0,3687939.0,3933124.0
2020-09-04,79857.0,844485.0,71242.0,1011.0,3933123.9999999995,3848968.0,3766108.0,4020239.0
2020-09-05,81589.57142857143,860857.0,72309.0,1026.0,4020239.0,3933124.0,3848967.9999999995,4110839.0000000005
2020-09-06,83341.85714285714,881929.0,73336.0,1032.4285714285713,4110839.0,4020239.0000000005,3933124.0,4202562.0
2020-09-07,84235.0,881676.0,74488.0,1077.857142857143,4202562.0,4110839.0,4020239.0,4277584.0
2020-09-08,85904.0,895793.0,75616.0,1088.7142857142858,4277584.0,4202562.0,4110839.0,4367436.0
2020-09-09,87713.85714285714,917072.0,76809.0,1109.0,4367436.0,4277584.0,4202562.0,4462965.0
2020-09-10,89514.42857142857,941694.0,78048.0,1128.2857142857142,4462965.0,4367436.0,4277584.0,4559725.0
2020-09-11,91020.0,956663.9999999999,79277.0,1147.857142857143,4559725.0,4462965.0,4367436.0,4657379.0
2020-09-12,91564.14285714286,972079.0,80411.0,1157.4285714285713,4657379.0,4559725.0,4462965.0,4751788.0
2020-09-13,91777.28571428571,986380.0000000001,81579.0,1177.5714285714287,4751788.0,4657379.0,4559725.0,4845003.0
2020-09-14,92761.42857142857,988011.9999999999,82656.0,1166.857142857143,4845003.0,4751788.0,4657379.0,4926914.0
2020-09-15,92942.57142857143,994960.0,83963.0,1192.4285714285713,4926914.0,4845003.0,4751788.0,5018034.0
2020-09-16,93275.42857142857,1008715.0,85129.0,1188.5714285714287,5018034.0,4926914.0,4845003.0,5115893.0
2020-09-17,93280.14285714286,1016532.0,86326.0,1182.5714285714287,5115893.0,5018034.0,4926914.0,5212686.0
2020-09-18,92585.14285714286,1012705.0,87569.0,1184.5714285714287,5212686.0,5115893.0,5018034.0,5305475.0
2020-09-19,92348.85714285714,1009769.0,88737.0,1189.4285714285713,5305475.0,5212686.0,5115893.0,5398230.0
2020-09-20,91515.57142857143,1003070.0,89892.0,1187.5714285714287,5398229.999999999,5305475.0,5212686.0,5485612.0
2020-09-21,90455.85714285714,974417.0000000001,90968.0,1187.4285714285713,5485612.0,5398229.999999999,5305475.0,5560105.0
2020-09-22,88923.14285714286,966634.0,92042.0,1154.142857142857,5560105.0,5485612.0,5398230.0,5640495.999999999
2020-09-23,87755.85714285714,965121.0,93213.0,1154.857142857143,5640496.0,5560105.0,5485612.0,5730184.0
2020-09-24,86202.42857142857,968734.0000000001,94378.0,1150.2857142857142,5730184.0,5640496.0,5560104.999999999,5816103.0
2020-09-25,85156.57142857143,959911.9999999999,95491.0,1131.7142857142858,5816103.0,5730184.0,5640496.0,5901571.0
2020-09-26,84621.57142857143,955256.0000000001,96637.0,1128.5714285714287,5901571.0,5816103.0,5730184.0,5990581.0
2020-09-27,83962.28571428571,962287.0,97694.0,1114.5714285714287,5990581.0,5901571.0,5816103.0,6073348.000000001
2020-09-28,83273.42857142857,945960.0000000001,98486.0,1074.0,6073348.0,5990581.0,5901571.0,6143019.0
2020-09-29,83289.0,939202.0000000001,99683.0,1091.5714285714287,6143019.000000001,6073348.0,5990581.0,6223519.0
2020-09-30,82869.0,939373.0000000001,100887.0,1096.2857142857142,6223518.999999999,6143019.0,6073348.0,6310267.0
2020-10-01,82265.28571428571,941305.0,102002.0,1089.142857142857,6310267.0,6223518.999999999,6143018.999999999,6391960.0
2020-10-02,81480.42857142857,943764.0,103093.0,1086.0,6391960.000000001,6310267.0,6223519.0,6471934.0
2020-10-03,79547.42857142857,936635.9999999999,104045.0,1058.2857142857142,6471934.0,6391960.0,6310266.999999999,6547413.0
2020-10-04,78404.57142857143,933764.0,104963.0,1038.4285714285713,6547413.0,6471934.0,6391960.0,6622180.0
2020-10-05,77007.71428571429,917093.0,105870.0,1054.857142857143,6622180.0,6547413.0,6471934.0,6682073.0
2020-10-06,75808.57142857143,906048.0,106878.0,1027.857142857143,6682073.0,6622180.0,6547413.0,6754179.0
2020-10-07,74674.42857142857,900669.0,107857.0,995.7142857142856,6754179.0,6682073.0,6622180.0,6832988.0
2020-10-08,73121.71428571429,891765.0,108840.0,976.8571428571429,6832988.0,6754178.999999999,6682072.999999999,6903812.0
2020-10-09,72153.42857142857,881716.0,109787.0,956.2857142857143,6903812.0,6832988.0,6754179.0,6977008.0
2020-10-10,72018.57142857143,865951.0,110729.0,954.8571428571429,6977008.0,6903812.0,6832987.999999999,7051543.0
2020-10-11,71017.14285714286,861318.0,111555.0,941.7142857142857,7051543.0,6977008.0,6903812.0,7119300.0
2020-10-12,70213.14285714286,836489.0,112284.0,916.2857142857143,7119300.0,7051543.000000001,6977008.0,7173565.0
2020-10-13,68986.14285714286,825354.0,113023.0,877.8571428571429,7173565.0,7119300.000000001,7051543.0,7237082.0
2020-10-14,67440.28571428571,810882.0,113732.0,839.2857142857143,7237082.0,7173565.0,7119300.0,7305070.0
2020-10-15,65956.71428571429,802267.0,114584.0,820.5714285714286,7305070.0,7237082.0,7173565.0,7365509.0
2020-10-16,64803.857142857145,793510.0,115491.0,814.8571428571429,7365509.0,7305070.0,7237082.0,7430635.0
2020-10-17,63026.28571428572,781782.0,116546.0,831.0,7430634.999999999,7365509.0,7305070.0,7492727.0
2020-10-18,61276.857142857145,771206.0,117137.0,797.4285714285714,7492727.0,7430635.0,7365509.0,7548238.0
2020-10-19,60167.285714285725,746373.0,117746.0,780.2857142857143,7548237.999999999,7492727.0,7430635.0,7594736.0
2020-10-20,58868.00000000001,738130.0,118478.0,779.2857142857143,7594736.0,7548238.0,7492727.0,7649158.0
2020-10-21,57155.42857142857,714064.0,119199.0,781.0,7649158.000000001,7594736.0,7548238.0,7705157.999999999
2020-10-22,56304.42857142857,693417.0,119898.0,759.1428571428571,7705158.000000001,7649158.0,7594735.999999999,7759640.0
2020-10-23,54719.0,679529.0,120570.0,725.5714285714286,7759640.0,7705158.0,7649158.0,7813667.999999999
2020-10-24,53023.57142857143,667009.0,121160.0,659.1428571428571,7813668.0,7759640.0,7705158.0,7863892.0
2020-10-25,51544.57142857143,653421.0,121635.0,642.5714285714286,7863892.0,7813668.0,7759640.0,7909050.0
2020-10-26,50164.57142857143,625018.0,122155.0,629.8571428571429,7909050.0,7863892.0,7813668.0,7945888.0
2020-10-27,48527.857142857145,608972.0,122687.0,601.2857142857143,7945888.0,7909050.000000001,7863892.0,7988853.0
2020-10-28,47658.142857142855,600607.0,123207.0,572.5714285714286,7988853.0,7945888.0,7909050.0,8038765.0
2020-10-29,46915.142857142855,592360.0,123788.0,555.7142857142857,8038764.999999999,7988853.0,7945888.0,8088046.0
2020-10-30,46071.142857142855,580903.0,124352.0,540.2857142857143,8088046.0,8038765.0,7988853.0,8136166.0
2020-10-31,45569.857142857145,568847.0,124831.0,524.4285714285714,8136166.0,8088046.0,8038765.0,8182881.0
2020-11-01,45753.142857142855,561080.0,125337.0,528.8571428571429,8182881.0,8136166.0,8088046.0,8229322.0
2020-11-02,45860.857142857145,539640.0,125845.0,527.1428571428571,8229322.0,8182881.0,8136166.0,8266914.0
2020-11-03,46299.142857142855,531821.0,126369.0,526.0,8266914.0,8229322.0,8182881.0,8312947.0
2020-11-04,46378.142857142855,525693.0,127089.0,554.5714285714286,8312946.999999999,8266914.0,8229322.0,8363412.0
2020-11-05,46141.142857142855,518490.99999999994,127780.0,570.2857142857143,8363411.999999999,8312947.0,8266914.0,8411034.0
2020-11-06,46388.42857142857,513955.99999999994,128371.0,574.1428571428571,8411034.0,8363412.0,8312947.0,8460885.0
2020-11-07,46331.71428571428,510971.00000000006,128941.0,587.1428571428571,8460885.0,8411034.0,8363412.0,8507203.0
2020-11-08,46363.142857142855,508758.0,129446.0,587.0,8507203.0,8460885.0,8411034.0,8553864.0
2020-11-09,46308.71428571428,503960.00000000006,129909.0,580.5714285714286,8553864.0,8507203.0,8460885.0,8591075.0
2020-11-10,46115.28571428572,493477.99999999994,130432.0,580.4285714285714,8591075.0,8553864.0,8507203.0,8635754.0
2020-11-11,45803.857142857145,488497.0,130994.0,557.8571428571429,8635754.0,8591075.0,8553864.0,8684039.0
2020-11-12,45266.57142857143,483027.99999999994,131527.0,535.2857142857143,8684039.0,8635754.0,8591075.0,8727900.0
2020-11-13,44622.57142857143,479697.0,132079.0,529.7142857142857,8727900.0,8684039.0,8635754.0,8773243.0
2020-11-14,43957.0,478626.0,132539.0,514.0,8773243.0,8727900.0,8684039.0,8814902.0
2020-11-15,41679.0,464683.0,132984.0,505.42857142857144,8814902.0,8773243.0,8727900.0,8845617.0
2020-11-16,40442.42857142857,452558.0,133445.0,505.1428571428572,8845617.0,8814902.0,8773243.0,8874172.0
2020-11-17,39564.28571428572,445763.0,133928.0,499.42857142857144,8874172.0,8845617.0,8814902.0,8912704.0
2020-11-18,39157.71428571428,441843.0,134530.0,505.1428571428572,8912704.0,8874172.0,8845617.0,8958143.0
2020-11-19,39489.28571428572,442179.0,135130.0,514.7142857142857,8958143.0,8912704.0,8874172.0,9004325.0
2020-11-20,39624.28571428572,439014.0,135702.0,517.5714285714286,9004325.0,8958143.0,8912704.0,9050613.0
2020-11-21,40143.71428571428,439657.0,136212.0,524.7142857142857,9050613.0,9004325.0,8958143.0,9095908.0
2020-11-22,42099.28571428572,442134.0,136734.0,535.7142857142857,9095908.0,9050613.0,9004325.0,9140312.0
2020-11-23,43364.28571428572,436921.0,137226.0,540.1428571428571,9140312.0,9095908.0,9050613.0,9177722.0
2020-11-24,44184.857142857145,442867.0,137727.0,542.7142857142857,9177722.0,9140312.0,9095908.0,9221998.0
2020-11-25,44079.142857142855,450455.0,138256.0,532.2857142857143,9221998.0,9177722.0,9140312.0,9266697.0
2020-11-26,43649.42857142857,453403.0,138759.0,518.4285714285714,9266697.0,9221998.0,9177722.0,9309871.0
2020-11-27,42944.42857142857,453081.0,139257.0,507.85714285714283,9309871.0,9266697.0,9221998.0,9351224.0
2020-11-28,42447.28571428572,452114.0,139764.0,507.42857142857144,9351224.0,9309871.0,9266697.0,9393039.0
2020-11-29,41680.42857142857,445544.0,140218.0,497.7142857142857,9393039.0,9351224.0,9309871.0,9432075.0
2020-11-30,40790.28571428572,433948.0,140711.0,497.8571428571428,9432075.0,9393039.0,9351224.0,9463254.0
2020-12-01,39673.142857142855,426690.0,141222.0,499.28571428571433,9463254.0,9432075.0,9393039.0,9499710.0
2020-12-02,38110.57142857143,421635.0,141732.0,496.57142857142856,9499710.0,9463254.0,9432075.0,9533471.0
2020-12-03,37415.57142857143,413781.0,142315.0,508.0,9533471.0,9499710.0,9463254.0,9571780.0
2020-12-04,36742.0,407579.0,142836.0,511.2857142857143,9571780.0,9533471.0,9499710.0,9608418.0
2020-12-05,35927.142857142855,401256.0,143327.0,509.0,9608418.0,9571780.0,9533471.0,9644529.0
2020-12-06,34960.857142857145,394921.0,143709.0,498.7142857142857,9644529.0,9608418.0,9571780.0,9676801.0
2020-12-07,34379.142857142855,382143.0,144120.0,487.0,9676801.0,9644529.0,9608418.0,9703908.0
2020-12-08,33752.142857142855,376637.0,144532.0,472.85714285714283,9703908.0,9676801.0,9644529.0,9735975.0
2020-12-09,32693.571428571428,372944.0,144877.0,449.2857142857143,9735975.0,9703908.0,9676801.0,9762326.0
2020-12-10,32173.14285714286,361429.0,145375.0,437.14285714285717,9762326.0,9735975.0,9703908.0,9796992.0
2020-12-11,31229.714285714286,357409.0,145825.0,427.0,9796992.0,9762326.0,9735975.0,9827026.0
2020-12-12,30407.285714285717,354273.0,146228.0,414.42857142857144,9827026.0,9796992.0,9762326.0,9857380.0
2020-12-13,29702.14285714286,350533.0,146575.0,409.42857142857144,9857380.0,9827026.0,9796992.0,9884716.0
2020-12-14,28942.714285714286,337738.0,146937.0,402.42857142857144,9884716.0,9857380.0,9827026.0,9906507.0
2020-12-15,28133.285714285714,329785.0,147330.0,399.7142857142857,9906507.0,9884716.0,9857380.0,9932908.0
2020-12-16,26963.714285714286,314234.0,147695.0,402.57142857142856,9932908.0,9906507.0,9884716.0,9951072.0
2020-12-17,25834.57142857143,309743.0,148047.0,381.7142857142857,9951072.0,9932908.0,9906507.0,9977834.0
2020-12-18,25399.85714285714,306504.0,148398.0,367.57142857142856,9977834.0,9951072.0,9932908.0,10004825.0
2020-12-19,24897.0,303228.0,148750.0,360.2857142857143,10004825.0,9977834.0,9951072.0,10031659.0
2020-12-20,24504.571428571428,301768.0,149090.0,359.2857142857143,10031659.0,10004825.0,9977834.0,10056248.0
2020-12-21,24130.714285714286,290407.0,149401.0,352.0,10056248.0,10031659.0,10004825.0,10075422.0
2020-12-22,23771.428571428572,286870.0,149741.0,344.42857142857144,10075422.0,10056248.0,10031659.0,10099308.0
2020-12-23,24638.85714285714,281431.0,150052.0,336.7142857142857,10099308.0,10075422.0,10056248.0,10123544.0
2020-12-24,24233.428571428572,279859.0,150411.0,337.71428571428567,10123544.0,10099308.0,10075422.0,10147468.0
2020-12-25,23570.428571428572,279769.0,150667.0,324.14285714285717,10147468.0,10123544.0,10099308.0,10169818.0
2020-12-26,22390.428571428572,276589.0,150955.0,315.0,10169818.0,10147468.0,10123544.0,10188392.0
2020-12-27,21782.428571428572,275537.0,151243.0,307.5714285714285,10188392.0,10169818.0,10147468.0,10208725.0
2020-12-28,21339.285714285714,266531.0,151499.0,299.7142857142857,10208725.0,10188392.0,10169818.0,10224797.0
2020-12-29,20859.714285714286,260197.00000000003,151790.0,292.7142857142857,10224797.0,10208725.0,10188392.0,10245326.0
2020-12-30,20534.14285714286,255423.99999999997,152097.0,292.14285714285717,10245326.0,10224797.0,10208725.0,10267283.0
2020-12-31,19837.285714285714,252195.0,152348.0,276.7142857142857,10267283.0,10245326.0,10224797.0,10286329.0
2021-01-01,19084.428571428572,248940.99999999997,152539.0,267.42857142857144,10286329.0,10267283.0,10245326.0,10303409.0
2021-01-02,19462.714285714286,245293.00000000003,152811.0,265.14285714285717,10303409.0,10286329.0,10267283.0,10324631.0
2021-01-03,18938.0,242129.0,153031.0,255.42857142857142,10324631.0,10303409.0,10286329.0,10341291.0
2021-01-04,18967.428571428572,228992.0,153237.0,248.28571428571428,10341291.0,10324631.0,10303409.0,10357569.0
2021-01-05,18593.14285714286,225466.0,153511.0,245.85714285714286,10357569.0,10341291.0,10324631.0,10375478.0
2021-01-06,18379.285714285714,226035.0,153740.0,234.71428571428572,10375478.0,10357569.0,10341291.0,10395938.0
2021-01-07,18245.0,223341.0,153981.0,233.28571428571425,10395938.0,10375478.0,10357569.0,10414044.0
2021-01-08,18445.285714285714,222374.0,154217.0,239.7142857142857,10414044.0,10395938.0,10375478.0,10432526.0
2021-01-09,18102.14285714286,221516.0,154435.0,232.0,10432526.0,10414044.0,10395938.0,10451346.0
2021-01-10,18020.0,220711.0,154590.0,222.71428571428572,10451346.0,10432526.0,10414044.0,10467431.0
2021-01-11,17477.714285714286,214441.0,154762.0,217.85714285714286,10467431.0,10451346.0,10432526.0,10479913.0
2021-01-12,17191.14285714286,212390.0,154969.0,208.28571428571428,10479913.0,10467431.0,10451346.0,10495816.0
2021-01-13,16699.0,211402.0,155175.0,205.0,10495816.0,10479913.0,10467431.0,10512831.0
2021-01-14,16352.0,211059.0,155367.0,198.0,10512831.0,10495816.0,10479913.0,10528508.0
2021-01-15,15876.142857142857,209230.0,155546.0,189.85714285714286,10528508.0,10512831.0,10495816.0,10543659.0
2021-01-16,15337.714285714286,206794.0,155732.0,185.28571428571428,10543659.0,10528508.0,10512831.0,10558710.0
2021-01-17,15034.42857142857,206093.0,155882.0,184.57142857142858,10558710.0,10543659.0,10528508.0,10572672.0
2021-01-18,14676.285714285714,198772.0,156023.0,180.14285714285714,10572672.0,10558710.0,10543659.0,10582647.0
2021-01-19,14375.142857142857,195163.0,156187.0,174.00000000000003,10582647.0,10572672.0,10558710.0,10596442.0
2021-01-20,14126.857142857143,190213.0,156343.0,166.85714285714286,10596442.0,10582647.0,10572672.0,10611719.0
2021-01-21,13956.0,186802.0,156509.0,163.14285714285717,10611719.0,10596442.0,10582647.0,10626200.0
2021-01-22,13840.714285714286,183813.0,156668.0,160.28571428571428,10626200.0,10611719.0,10596442.0,10640544.0
2021-01-23,13817.857142857145,182511.0,156828.0,156.57142857142858,10640544.0,10626200.0,10611719.0,10655435.0
2021-01-24,13714.57142857143,182466.0,156964.0,154.57142857142858,10655435.0,10640544.0,10626200.0,10668674.0
2021-01-25,13580.42857142857,175347.0,157085.0,151.71428571428572,10668674.0,10655435.0,10640544.0,10677710.0
2021-01-26,13405.285714285712,174735.0,157216.0,147.0,10677710.0,10668674.0,10655435.0,10690279.0
2021-01-27,12901.714285714286,171858.0,157355.0,144.57142857142858,10690279.0,10677710.0,10668674.0,10702031.0
2021-01-28,13538.714285714286,170289.0,157520.0,144.42857142857142,10702031.0,10690279.0,10677710.0,10720971.0
2021-01-29,13354.57142857143,168331.0,157661.0,141.85714285714286,10720971.0,10702031.0,10690279.0,10734026.0
2021-01-30,13093.714285714288,167188.0,157794.0,138.0,10734026.0,10720971.0,10702031.0,10747091.0
2021-01-31,12849.285714285712,166718.0,157913.0,135.57142857142858,10747091.0,10734026.0,10720971.0,10758619.0
2021-02-01,12785.142857142857,161747.0,158009.0,132.0,10758619.0,10747091.0,10734026.0,10767206.0
2021-02-02,12561.0,158373.0,158127.0,130.14285714285714,10767206.0,10758619.0,10747091.0,10778206.0
2021-02-03,12727.428571428569,153377.0,158238.0,126.14285714285714,10778206.0,10767206.0,10758619.0,10791123.0
2021-02-04,11794.57142857143,149771.0,158361.0,120.14285714285714,10791123.0,10778206.0,10767206.0,10803532.999999998
2021-02-05,11599.42857142857,146975.0,158457.0,113.71428571428571,10803533.000000002,10791123.0,10778206.0,10815222.0
2021-02-06,11439.857142857143,147230.0,158531.0,105.28571428571429,10815222.000000002,10803533.0,10791122.999999998,10827170.0
2021-02-07,11460.57142857143,147148.0,158619.0,100.85714285714286,10827170.0,10815222.0,10803533.0,10838843.0
2021-02-08,11512.0,142183.0,158702.0,99.0,10838843.0,10827170.0,10815222.0,10847790.000000002
2021-02-09,11442.0,139907.0,158789.0,94.57142857142857,10847790.0,10838842.999999998,10827169.999999998,10858299.999999998
2021-02-10,11419.57142857143,140520.0,158911.0,96.14285714285714,10858300.0,10847790.0,10838843.0,10871060.000000002
2021-02-11,10982.857142857143,134064.0,158998.0,91.0,10871060.0,10858300.0,10847790.0,10880413.0
2021-02-12,11046.857142857143,134736.0,159105.0,92.57142857142857,10880412.999999998,10871060.000000002,10858299.999999998,10892549.999999998
2021-02-13,11081.142857142857,135758.0,159192.0,94.42857142857143,10892550.0,10880413.0,10871060.0,10904737.999999998
2021-02-14,11047.0,137804.0,159285.0,95.14285714285714,10904738.0,10892550.000000002,10880413.0,10916172.000000002
2021-02-15,11074.42857142857,135056.0,159363.0,94.42857142857143,10916171.999999998,10904738.0,10892550.0,10925311.0
2021-02-16,11258.0,134728.0,159475.0,98.0,10925310.999999998,10916172.0,10904738.0,10937106.0
2021-02-17,11212.285714285714,135274.0,159566.0,93.57142857142857,10937106.000000002,10925311.0,10916172.000000002,10949546.0
2021-02-18,11682.285714285714,137468.0,159653.0,93.57142857142857,10949546.0,10937106.000000002,10925311.0,10962189.0
2021-02-19,12032.285714285714,141121.0,159773.0,95.42857142857143,10962189.0,10949546.0,10937106.0,10976776.0
2021-02-20,12336.142857142857,143678.0,159875.0,97.57142857142857,10976776.0,10962189.0,10949546.0,10991091.0
2021-02-21,12699.857142857141,148101.0,159956.0,95.85714285714286,10991090.999999998,10976776.0,10962189.0,11005071.000000002
2021-02-22,12935.999999999998,145342.0,160038.0,96.42857142857143,11005071.0,10991090.999999998,10976776.0,11015863.000000002
2021-02-23,13174.285714285714,145041.0,160141.0,95.14285714285714,11015863.0,11005071.0,10991091.0,11029326.0
2021-02-24,13846.285714285714,149632.0,160288.0,103.14285714285714,11029325.999999998,11015863.0,11005071.0,11046470.0
2021-02-25,14407.0,153869.0,160410.0,108.14285714285714,11046470.0,11029326.0,11015863.000000002,11063038.000000002
2021-02-26,14616.857142857145,157433.0,160522.0,107.0,11063038.0,11046470.0,11029326.0,11079094.0
2021-02-27,15049.857142857141,162523.0,160642.0,109.57142857142857,11079093.999999998,11063038.0,11046470.0,11096440.0
2021-02-28,15283.57142857143,166736.0,160752.0,113.71428571428571,11096440.0,11079094.000000002,11063038.000000002,11112056.000000002
2021-03-01,15393.714285714284,166228.0,160833.0,113.57142857142857,11112056.0,11096440.0,11079093.999999998,11123619.0
2021-03-02,15713.857142857143,168216.0,160945.0,114.85714285714286,11123619.0,11112056.000000002,11096440.0,11139323.0
2021-03-03,15754.0,171482.0,161033.0,106.42857142857143,11139323.000000002,11123619.0,11112056.0,11156748.0
2021-03-04,15790.57142857143,174402.0,161149.0,105.57142857142857,11156748.0,11139322.999999998,11123619.0,11173572.0
2021-03-05,16110.0,178429.0,161261.0,105.57142857142857,11173572.000000002,11156748.0,11139323.0,11191864.0
2021-03-06,16305.714285714286,182682.0,161362.0,102.85714285714286,11191864.0,11173572.0,11156748.0,11210580.0
2021-03-07,16745.0,186927.0,161464.0,101.71428571428571,11210580.000000002,11191864.0,11173572.0,11229271.0
2021-03-08,17286.428571428572,185596.0,161542.0,101.28571428571429,11229271.0,11210579.999999998,11191864.0,11244624.000000002
2021-03-09,17449.571428571428,182189.0,161657.0,101.71428571428571,11244624.0,11229271.0,11210580.0,11261470.0
2021-03-10,18223.285714285714,186714.0,161794.0,108.71428571428571,11261470.000000002,11244624.0,11229271.0,11284311.0
2021-03-11,18915.285714285714,196818.0,161909.0,108.57142857142857,11284310.999999998,11261470.0,11244624.0,11305979.000000002
2021-03-12,20232.428571428572,200075.0,162069.0,115.42857142857143,11305978.999999998,11284311.0,11261470.0,11333491.0
2021-03-13,21152.0,208558.0,162231.0,124.14285714285714,11333490.999999998,11305979.0,11284311.000000002,11358644.000000002
2021-03-14,22269.571428571428,217359.0,162354.0,127.14285714285714,11358644.000000002,11333491.0,11305979.0,11385158.0
2021-03-15,23567.285714285714,221477.0,162487.0,135.0,11385157.999999998,11358643.999999998,11333491.0,11409595.0
2021-03-16,25284.85714285714,232410.0,162677.0,145.71428571428572,11409594.999999998,11385158.000000002,11358644.0,11438464.0
2021-03-17,27141.571428571428,250281.0,162851.0,151.00000000000003,11438464.0,11409595.0,11385158.0,11474302.0
2021-03-18,29709.428571428572,269428.0,163009.0,157.14285714285714,11474302.0,11438464.0,11409595.0,11513945.0
2021-03-19,31629.14285714286,286545.0,163201.0,161.71428571428572,11513945.0,11474302.0,11438464.0,11554895.0
2021-03-20,34295.142857142855,307189.0,163402.0,167.28571428571428,11554895.0,11513945.0,11474301.999999998,11598710.0
2021-03-21,37223.0,332775.0,163620.0,180.85714285714286,11598710.0,11554895.0,11513945.0,11645719.0
2021-03-22,39533.57142857143,343449.0,163822.0,190.71428571428572,11645719.0,11598709.999999998,11554894.999999998,11686330.0
2021-03-23,42161.42857142857,366474.0,164104.0,203.85714285714286,11686330.0,11645719.0,11598710.0,11733594.0
2021-03-24,44673.0,393064.0,164358.0,215.28571428571428,11733594.0,11686330.0,11645719.0,11787013.0
2021-03-25,47448.142857142855,418959.0,164620.0,230.14285714285717,11787013.0,11733594.0,11686329.999999998,11846082.0
2021-03-26,50496.857142857145,450606.0,164918.0,245.28571428571428,11846082.0,11787013.0,11733594.0,11908373.0
2021-03-27,53184.857142857145,484191.00000000006,165235.0,261.85714285714283,11908373.0,11846082.0,11787013.0,11971004.0
2021-03-28,56213.0,519946.99999999994,165536.0,273.7142857142857,11971004.0,11908373.0,11846082.0,12039210.000000002
2021-03-29,58428.428571428565,538693.0,165807.0,283.57142857142856,12039210.0,11971004.0,11908373.0,12095329.0
2021-03-30,59270.42857142857,550266.0,166169.0,295.0,12095329.0,12039209.999999998,11971004.0,12148487.0
2021-03-31,61950.85714285714,581540.0,166635.0,325.2857142857143,12148486.999999998,12095329.000000002,12039210.0,12220669.0
2021-04-01,65146.85714285715,612112.0,167114.0,356.2857142857143,12220669.0,12148487.0,12095329.0,12302110.0
2021-04-02,68965.14285714286,656225.0,167844.0,418.0,12302110.0,12220669.0,12148487.0,12391129.0
2021-04-03,73303.28571428571,688635.0,168370.0,447.85714285714283,12391129.0,12302110.0,12220669.0,12484127.0
2021-04-04,78387.14285714286,739104.0,168858.0,474.57142857142856,12484127.0,12391129.0,12302110.0,12587920.0
2021-04-05,84164.0,785117.0,169315.0,501.1428571428571,12587920.0,12484126.999999998,12391129.0,12684477.0
2021-04-06,93037.0,840026.0,169961.0,541.7142857142857,12684477.0,12587920.000000002,12484127.0,12799746.0
2021-04-07,100770.28571428572,906494.0,170662.0,575.2857142857143,12799746.0,12684477.0,12587920.0,12926061.0
2021-04-08,107977.71428571429,975729.0000000001,171484.0,624.2857142857143,12926061.0,12799746.0,12684477.0,13057953.999999998
2021-04-09,115950.57142857143,1042567.0,172276.0,633.1428571428571,13057954.0,12926061.000000002,12799746.0,13202783.0
2021-04-10,124476.85714285714,1103996.0,173136.0,680.8571428571429,13202783.0,13057954.000000002,12926061.0,13355465.000000002
2021-04-11,133922.7142857143,1197602.0,174064.0,743.7142857142857,13355465.0,13202783.0,13057954.0,13525379.0
2021-04-12,143085.14285714287,1260665.0,174968.0,807.5714285714287,13525379.0,13355465.0,13202783.0,13686073.0
2021-04-13,153082.14285714287,1362606.0,176027.0,866.5714285714286,13686073.0,13525379.0,13355464.999999998,13871321.0
2021-04-14,163547.0,1467642.0,177102.0,920.0,13871321.0,13686073.000000002,13525379.0,14070890.0
2021-04-15,175683.7142857143,1565434.0,178328.0,977.7142857142857,14070889.999999998,13871321.0,13686073.0,14287740.000000002
2021-04-16,188414.2857142857,1675090.0,179704.0,1061.142857142857,14287740.0,14070890.0,13871321.000000002,14521683.0
2021-04-17,203856.5714285714,1796109.0,181258.0,1160.2857142857142,14521683.000000002,14287740.0,14070890.0,14782461.000000002
2021-04-18,218912.57142857142,1925980.9999999998,182938.0,1267.7142857142856,14782461.0,14521682.999999998,14287740.000000002,15057767.0
2021-04-19,232663.0,2026729.9999999998,184764.0,1399.4285714285716,15057767.0,14782461.0,14521683.0,15314714.0
2021-04-20,248240.4285714286,2152275.0,186866.0,1548.4285714285713,15314714.0,15057767.0,14782461.0,15609004.0
2021-04-21,264845.14285714284,2286346.0,189054.0,1707.4285714285713,15609004.0,15314713.999999998,15057767.0,15924806.0
2021-04-22,281367.0,2424300.0,191403.0,1867.857142857143,15924806.0,15609004.0,15314714.0,16257309.0
2021-04-23,297253.28571428574,2546215.0,194122.0,2059.714285714286,16257309.0,15924806.0,15609004.0,16602456.0
2021-04-24,309901.14285714284,2676687.0,197001.0,2249.0,16602456.0,16257309.0,15924806.0,16951769.0
2021-04-25,321219.0,2809742.0,199918.0,2425.714285714286,16951769.0,16602456.0,16257309.000000002,17306300.0
2021-04-26,330145.85714285716,2877601.0,202792.0,2575.4285714285716,17306300.0,16951769.0,16602456.0,17625735.0
2021-04-27,339947.5714285714,2974722.0,206211.0,2763.5714285714284,17625735.0,17306300.0,16951769.0,17988637.0
2021-04-28,349041.4285714286,3079821.0,209999.0,2992.1428571428573,17988637.0,17625735.0,17306300.0,18368096.0
2021-04-29,356810.71428571426,3167578.0,213641.0,3176.8571428571427,18368096.0,17988637.0,17625735.0,18754984.0
2021-04-30,364948.28571428574,3266793.0,217298.0,3310.8571428571427,18754984.0,18368096.0,17988637.0,19157094.0
2021-05-01,371126.71428571426,3346201.0,221683.0,3526.0,19157094.0,18754984.0,18368096.0,19549656.0
2021-05-02,373345.0,3412497.0,225480.0,3651.714285714286,19549656.0,19157094.0,18754984.0,19919715.0
2021-05-03,378544.0,3445416.0,229424.0,3804.5714285714284,19919715.0,19549656.0,19157094.0,20275543.0
2021-05-04,381371.0,3485985.0,233849.0,3948.285714285714,20275543.0,19919715.0,19549656.0,20658234.0
2021-05-05,386108.0,3563436.0,238340.0,4048.714285714286,20658234.0,20275543.0,19919715.0,21070852.0
2021-05-06,390043.0,3645225.0,242650.0,4144.142857142857,21070852.0,20658234.0,20275543.0,21485285.0
2021-05-07,389931.0,3722238.0,247288.0,4284.285714285715,21485285.0,21070852.0,20658234.0,21886611.0
2021-05-08,392322.14285714284,3732580.0,251833.0,4307.142857142857,21886611.0,21485285.0,21070852.0,22295911.0
2021-05-09,391813.5714285714,3741179.0,255965.0,4355.0,22295911.0,21886611.000000004,21485285.0,22662410.0
2021-05-10,388054.85714285716,3710307.0,260413.0,4427.0,22662410.000000004,22295911.0,21886611.0,22991927.0
2021-05-11,383170.28571428574,3698451.0,265325.0,4496.571428571428,22991927.0,22662410.0,22295911.0,23340426.0
2021-05-12,375997.14285714284,3704292.0,270104.0,4537.714285714285,23340426.0,22991927.000000004,22662410.0,23702832.0
2021-05-13,365833.5714285714,3698049.0,274704.0,4579.142857142857,23702832.000000004,23340426.0,22991927.0,24046120.0
2021-05-14,355090.28571428574,3666271.0,279649.0,4623.0,24046120.0,23702832.0,23340426.000000004,24372243.0
2021-05-15,341022.0,3609444.0,284583.0,4678.571428571428,24372243.0,24046120.0,23702832.0,24683065.0
2021-05-16,328930.71428571426,3508288.0,289028.0,4723.285714285715,24683065.0,24372243.0,24046119.999999996,24964925.0
2021-05-17,319434.71428571426,3344152.0,293815.0,4771.714285714285,24964925.0,24683065.0,24372243.0,25227970.0
2021-05-18,307816.85714285716,3216581.0,298860.0,4790.714285714285,25227970.0,24964925.0,24683065.0,25495143.999999996
2021-05-19,295510.4285714286,3119620.0,303102.0,4714.0,25495143.999999996,25227970.0,24964925.0,25771405.0
2021-05-20,283507.71428571426,3016773.0,308000.0,4756.571428571428,25771405.0,25495143.999999996,25227970.000000004,26030674.0
2021-05-21,273260.85714285716,2913274.0,312778.0,4732.714285714285,26030673.999999996,25771405.0,25495144.0,26285069.0
2021-05-22,263683.0,2793401.0,316922.0,4619.857142857143,26285069.0,26030674.0,25771405.0,26528846.0
2021-05-23,255250.8571428571,2708747.0,322015.0,4712.428571428572,26528846.0,26285069.0,26030674.0,26751681.000000004
2021-05-24,245646.57142857145,2573774.0,325962.0,4592.428571428572,26751681.0,26528846.0,26285069.0,26947496.0
2021-05-25,237319.71428571426,2482269.0,330814.0,4564.857142857143,26947496.0,26751680.999999996,26528846.0,27156382.0
2021-05-26,228075.71428571432,2406741.0,335180.0,4582.571428571428,27156381.999999996,26947496.0,26751681.0,27367935.0
2021-05-27,216718.7142857143,2318286.0,339093.0,4441.857142857143,27367935.0,27156382.0,26947496.0,27547705.0
2021-05-28,204908.85714285716,2205450.0,343029.0,4321.571428571428,27547705.0,27367935.0,27156382.0,27719430.999999996
2021-05-29,194946.57142857142,2099735.0,346917.0,4285.0,27719431.0,27547705.000000004,27367935.0,27893472.0
2021-05-30,185039.42857142858,2012104.0,350324.0,4044.1428571428573,27893472.0,27719431.0,27547705.0,28046957.0
2021-05-31,175165.57142857142,1880499.0,353652.0,3955.714285714286,28046956.999999996,27893472.000000004,27719431.0,28173655.0
2021-06-01,164357.2857142857,1778480.0,357411.0,3799.5714285714284,28173655.0,28046956.999999996,27893472.000000004,28306883.0
2021-06-02,153293.2857142857,1697285.0,360806.0,3660.8571428571427,28306883.0,28173655.0,28046957.0,28440988.0
2021-06-03,146379.14285714287,1619532.0,364019.0,3560.857142857143,28440988.0,28306883.0,28173655.000000004,28572359.000000004
2021-06-04,139200.57142857142,1538967.0,367738.0,3529.8571428571427,28572359.0,28440988.0,28306883.0,28693835.0
2021-06-05,130700.0,1461216.0,370545.0,3375.4285714285716,28693835.0,28572359.0,28440988.0,28808372.0
2021-06-06,123235.28571428571,1385757.0,373120.0,3256.5714285714284,28808372.0,28693835.0,28572359.000000004,28909603.999999996
2021-06-07,117613.42857142857,1284798.0,375352.0,3100.0,28909604.000000004,28808372.000000004,28693835.0,28996949.0
2021-06-08,111613.2857142857,1214298.0,377680.0,2895.5714285714284,28996949.0,28909604.0,28808372.000000004,29088176.0
2021-06-09,105869.14285714286,1156892.0,379955.0,2735.5714285714284,29088176.0,28996949.0,28909603.999999996,29182072.0
2021-06-10,100139.85714285714,1112390.0,382054.0,2576.4285714285716,29182072.0,29088176.0,28996949.000000004,29273338.0
2021-06-11,94885.42857142857,1072285.0,384060.0,2331.714285714286,29273338.0,29182072.0,29088175.999999996,29358033.0
2021-06-12,90095.14285714286,1017188.0,385964.0,2202.714285714286,29358033.000000004,29273338.0,29182072.0,29439038.0
2021-06-13,85404.85714285714,970665.0000000001,387796.0,2096.5714285714284,29439038.0,29358033.0,29273338.0,29507438.0
2021-06-14,81869.42857142857,907948.0,389307.0,1993.5714285714287,29507437.999999996,29439038.0,29358033.0,29570035.0
2021-06-15,77726.42857142857,860790.0,390837.0,1879.5714285714287,29570035.0,29507437.999999996,29439038.0,29632261.000000004
2021-06-16,73926.14285714286,822707.0,392304.0,1764.142857142857,29632261.0,29570035.0,29507438.000000004,29699554.999999996
2021-06-17,69803.71428571429,795264.0,393679.0,1660.7142857142858,29699555.0,29632261.0,29570035.0,29761964.0
2021-06-18,66390.14285714286,756418.0,395467.0,1629.5714285714287,29761964.0,29699555.0,29632261.000000004,29822764.0
2021-06-19,63187.71428571428,725708.0,397197.0,1604.7142857142858,29822764.0,29761964.0,29699555.0,29881352.000000004
2021-06-20,60989.0,699045.0,398787.0,1570.142857142857,29881352.0,29822764.0,29761963.999999996,29934361.0
2021-06-21,57631.71428571428,660330.0,399936.0,1518.4285714285713,29934361.000000004,29881352.000000004,29822764.0,29973457.0
2021-06-22,56512.714285714275,639123.0,401416.0,1511.2857142857142,29973457.000000004,29934361.0,29881352.0,30027850.0
2021-06-23,54659.142857142855,622768.0,402792.0,1498.2857142857142,30027850.0,29973457.0,29934361.0,30082169.0
2021-06-24,53064.71428571428,608908.0,404169.0,1498.5714285714287,30082169.0,30027850.0,29973457.0,30133417.0
2021-06-25,51386.42857142857,591509.0,405401.0,1419.142857142857,30133417.0,30082168.999999996,30027850.0,30182469.0
2021-06-26,50138.28571428572,582277.0,406708.0,1358.7142857142858,30182468.999999996,30133417.0,30082169.0,30232320.000000004
2021-06-27,49228.85714285714,568974.0,407729.0,1277.4285714285713,30232319.999999996,30182469.0,30133417.0,30278963.0
2021-06-28,48934.71428571428,548120.0,408672.0,1248.0,30278963.000000004,30232320.0,30182469.0,30316000.0
2021-06-29,47692.71428571428,532681.0,409521.0,1157.857142857143,30316000.0,30278963.0,30232320.0,30361699.0
2021-06-30,46915.42857142857,518502.00000000006,410553.0,1108.7142857142858,30361699.0,30315999.999999996,30278963.0,30410577.0
2021-07-01,45788.57142857143,506475.0,411375.0,1029.4285714285713,30410577.0,30361699.0,30316000.0,30453937.0
2021-07-02,45531.42857142857,491253.0,412198.0,970.9999999999999,30453937.0,30410577.000000004,30361699.0,30501189.000000004
2021-07-03,44595.0,481139.00000000006,413177.0,924.1428571428571,30501189.0,30453937.0,30410577.0,30544484.999999996
2021-07-04,43701.28571428572,477941.0,413945.0,888.0,30544485.0,30501189.0,30453937.0,30584872.0
2021-07-05,43277.0,459593.0,414515.0,834.7142857142857,30584872.0,30544485.0,30501189.0,30618939.0
2021-07-06,43028.142857142855,455453.0,415476.0,850.7142857142857,30618939.0,30584871.999999996,30544485.0,30662895.999999996
2021-07-07,42570.42857142857,455785.0,416320.0,823.8571428571429,30662896.0,30618939.0,30584872.000000004,30708570.0
2021-07-08,42595.857142857145,454124.0,417260.0,840.7142857142858,30708570.000000004,30662895.999999996,30618938.999999996,30752108.0
2021-07-09,41938.142857142855,450366.0,418507.0,901.2857142857143,30752108.0,30708570.0,30662896.0,30794756.0
2021-07-10,41678.0,449317.0,419436.0,894.1428571428571,30794755.999999996,30752108.0,30708570.0,30836231.0
2021-07-11,41290.71428571428,446539.0,420168.0,889.0,30836231.0,30794756.0,30752108.0,30873907.0
2021-07-12,40827.857142857145,427882.0,420722.0,886.7142857142857,30873907.0,30836231.000000004,30794755.999999996,30904734.0
2021-07-13,40293.28571428572,426498.0,421355.0,839.8571428571429,30904734.0,30873907.0,30836231.000000004,30944949.0
2021-07-14,39747.57142857143,428376.0,421944.0,803.4285714285714,30944949.0,30904733.999999996,30873907.0,30986803.0
2021-07-15,39109.57142857143,427073.0,422496.0,748.0,30986803.0,30944949.0,30904734.0,31025875.0
2021-07-16,38461.57142857143,420740.0,423064.0,651.0,31025875.0,30986803.0,30944949.0,31063987.0
2021-07-17,38434.142857142855,419448.0,423589.0,593.2857142857143,31063987.0,31025875.0,30986803.0,31105270.0
2021-07-18,38526.857142857145,418735.0,424098.0,561.4285714285714,31105270.0,31063987.0,31025874.999999996,31143595.0
2021-07-19,38326.42857142857,402412.0,424476.0,536.2857142857143,31143595.0,31105270.0,31063986.999999996,31173019.0
2021-07-20,38599.0,407168.0,424973.0,516.8571428571429,31173019.0,31143595.000000004,31105270.0,31215142.0
2021-07-21,38576.57142857143,409535.0,425491.0,506.7142857142857,31215142.0,31173019.0,31143595.0,31256839.0
2021-07-22,37975.57142857143,405421.0,425979.0,497.57142857142856,31256839.0,31215142.000000004,31173019.0,31291704.0
2021-07-23,38173.57142857143,409236.0,426528.0,494.85714285714283,31291704.0,31256838.999999996,31215142.0,31331202.000000004
2021-07-24,38030.857142857145,408918.0,427078.0,498.42857142857144,31331202.0,31291704.000000004,31256839.000000004,31371486.0
2021-07-25,38006.28571428572,410745.0,427495.0,485.2857142857143,31371486.0,31331201.999999996,31291704.0,31409639.0
2021-07-26,38209.142857142855,398626.0,427919.0,491.85714285714283,31409639.0,31371485.999999996,31331201.999999996,31440483.0
2021-07-27,38324.142857142855,399452.0,428569.0,513.7142857142857,31440483.0,31409638.999999996,31371485.999999996,31483411.0
2021-07-28,38540.42857142857,403280.0,429220.0,532.7142857142857,31483411.0,31440483.0,31409639.0,31526622.0
2021-07-29,39941.57142857143,405277.0,429777.0,542.5714285714286,31526622.0,31483411.0,31440483.0,31571295.0
2021-07-30,40227.42857142857,408854.0,430385.0,551.0,31571294.999999996,31526622.0,31483411.0,31612793.999999996
2021-07-31,40442.57142857143,410776.0,430935.0,551.0,31612793.999999996,31571295.0,31526622.0,31654584.0
2021-08-01,40818.42857142857,414322.0,431365.0,552.8571428571429,31654584.0,31612794.0,31571295.000000004,31695368.0
2021-08-02,40702.28571428572,404906.0,431791.0,553.1428571428571,31695368.0,31654584.0,31612794.000000004,31725399.0
2021-08-03,40650.57142857143,410257.0,432360.0,541.5714285714286,31725399.0,31695368.0,31654584.000000004,31767965.0
2021-08-04,40594.28571428572,410659.0,432900.0,525.7142857142857,31767965.0,31725399.0,31695368.0,31810782.0
2021-08-05,40641.142857142855,414530.0,433371.0,513.4285714285714,31810782.0,31767965.000000004,31725399.0,31855782.999999996
2021-08-06,40241.28571428572,412333.0,433997.0,516.0,31855783.0,31810782.0,31767965.0,31894483.0
2021-08-07,39852.71428571428,406960.0,434496.0,508.7142857142857,31894483.0,31855783.0,31810782.0,31933552.999999996
2021-08-08,39174.28571428572,402717.0,434949.0,512.0,31933553.0,31894483.0,31855783.0,31969588.0
2021-08-09,38802.57142857143,388303.0,435331.0,505.7142857142857,31969588.0,31933552.999999996,31894483.0,31997016.999999996
2021-08-10,37909.71428571428,386903.0,435806.0,492.2857142857143,31997017.0,31969588.0,31933553.000000004,32033333.0
2021-08-11,38027.42857142857,388032.0,436333.0,490.4285714285715,32033332.999999996,31997017.0,31969588.000000004,32076974.0
2021-08-12,37324.142857142855,385809.0,436925.0,507.7142857142857,32076973.999999996,32033333.0,31997017.0,32117052.0
2021-08-13,37334.857142857145,387911.0,437409.0,487.42857142857144,32117052.0,32076974.0,32033333.0,32155827.0
2021-08-14,36914.42857142857,385586.0,437908.0,487.42857142857144,32155826.999999996,32117052.0,32076974.0,32191954.0
2021-08-15,36512.42857142857,382881.0,438335.0,483.7142857142857,32191953.999999996,32155826.999999996,32117052.0,32225175.0
2021-08-16,36126.142857142855,369861.0,438779.0,492.57142857142856,32225175.0,32191954.0,32155827.0,32249900.0
2021-08-17,35966.857142857145,367471.0,439225.0,488.42857142857144,32249900.0,32225175.0,32191954.000000004,32285100.999999996
2021-08-18,34846.28571428572,364930.0,439744.0,487.2857142857143,32285101.000000004,32249900.0,32225175.0,32320898.0
2021-08-19,34451.142857142855,363767.0,440311.0,483.7142857142857,32320898.0,32285101.0,32249900.0,32358210.0
2021-08-20,33811.28571428572,361427.0,440693.0,469.14285714285717,32358210.0,32320898.0,32285101.000000004,32392506.0
2021-08-21,33085.0,353449.0,441100.0,456.0,32392506.0,32358210.000000004,32320898.0,32423549.0
2021-08-22,31970.57142857143,334375.0,441491.0,450.85714285714283,32423549.0,32392506.0,32358210.0,32448969.000000004
2021-08-23,30064.85714285714,327914.0,441762.0,426.14285714285717,32448969.0,32423549.0,32392506.0,32460354.0
2021-08-24,32324.14285714286,322233.0,442511.0,469.42857142857144,32460354.0,32448969.000000004,32423549.0,32511370.0
2021-08-25,33838.42857142857,333592.0,443129.0,483.57142857142856,32511370.0,32460354.0,32448968.999999996,32557766.999999996
2021-08-26,34873.57142857143,344723.0,443630.0,474.14285714285717,32557767.0,32511370.0,32460354.0,32602325.0
2021-08-27,36660.57142857143,359665.0,444152.0,494.1428571428571,32602325.0,32557767.0,32511370.0,32649130.0
2021-08-28,38662.71428571428,368444.0,444616.0,502.2857142857143,32649130.0,32602325.0,32557766.999999996,32694188.0
2021-08-29,41228.57142857143,376449.0,445151.0,522.8571428571429,32694188.0,32649130.0,32602324.999999996,32737569.0
2021-08-30,43923.71428571428,370247.0,445360.0,514.0,32737569.000000004,32694188.0,32649130.000000004,32767820.0
2021-08-31,42788.857142857145,378741.0,445829.0,474.0,32767820.000000004,32737569.0,32694188.0,32810892.0
2021-09-01,42728.0,389424.0,446342.0,459.0,32810892.0,32767820.0,32737569.0,32856862.999999996
2021-09-02,42860.0,399555.0,446705.0,439.28571428571433,32856863.0,32810891.999999996,32767820.0,32902345.0
2021-09-03,42223.0,405523.0,447051.0,414.14285714285717,32902345.0,32856863.0,32810892.0,32944691.0
2021-09-04,41918.142857142855,409672.0,447367.0,393.0,32944691.0,32902344.999999996,32856863.0,32987615.0
2021-09-05,41366.71428571428,405054.0,447589.0,348.2857142857143,32987615.0,32944691.0,32902345.0,33027136.0
2021-09-06,41357.142857142855,391975.0,447883.0,360.42857142857144,33027135.999999996,32987615.0,32944691.0,33057320.0
2021-09-07,40651.142857142855,390641.0,448257.0,346.85714285714283,33057320.0,33027136.000000004,32987615.000000004,33095450.0
2021-09-08,40284.71428571428,393080.0,448602.0,322.85714285714283,33095450.0,33057320.0,33027136.0,33138856.0
2021-09-09,37237.0,392851.0,448870.0,309.2857142857143,33138856.0,33095450.0,33057320.0,33163004.0
2021-09-10,36598.0,393452.0,449179.0,304.0,33163004.0,33138856.000000004,33095450.0,33200877.0
2021-09-11,34936.142857142855,386514.0,449523.0,308.0,33200877.0,33163004.0,33138855.999999996,33232168.0
2021-09-12,33772.28571428572,377092.0,449746.0,308.14285714285717,33232168.000000004,33200877.0,33163004.0,33263542.0
2021-09-13,32957.28571428572,361282.0,450092.0,315.57142857142856,33263542.000000004,33232168.0,33200877.0,33288021.0
2021-09-14,31437.428571428572,350506.0,450377.0,302.85714285714283,33288021.000000004,33263542.0,33232168.0,33315512.0
2021-09-15,29573.85714285714,342068.0,450815.0,316.14285714285717,33315512.0,33288021.0,33263542.0,33345873.0
2021-09-16,31074.000000000004,338516.0,451138.0,324.0,33345873.0,33315512.0,33288021.0,33380522.0
2021-09-17,30716.0,339744.0,451427.0,321.1428571428571,33380522.0,33345873.0,33315512.000000004,33415888.999999996
2021-09-18,30691.714285714286,330921.0,451738.0,316.42857142857144,33415889.0,33380522.0,33345873.0,33447010.0
2021-09-19,30611.0,318191.0,452039.0,327.57142857142856,33447010.0,33415889.000000004,33380522.0,33477819.0
2021-09-20,30674.71428571429,308391.0,452294.0,314.57142857142856,33477819.0,33447009.999999996,33415889.0,33502744.0
2021-09-21,30652.14285714286,301185.0,452685.0,329.7142857142857,33502744.0,33477819.000000004,33447010.0,33530077.0
2021-09-22,30880.142857142862,300891.0,452968.0,307.5714285714285,33530077.0,33502744.0,33477819.0,33562034.0
2021-09-23,30424.285714285714,299476.0,453292.0,307.7142857142857,33562034.0,33530076.999999996,33502744.0,33593492.0
2021-09-24,29597.571428571428,300713.0,453587.0,308.57142857142856,33593492.0,33562034.0,33530077.0,33623072.0
2021-09-25,29173.000000000004,302610.0,453849.0,301.57142857142856,33623072.0,33593492.0,33562034.0,33651221.0
2021-09-26,28632.0,299693.0,454130.0,298.7142857142857,33651221.0,33623072.0,33593492.0,33678243.0
2021-09-27,27200.571428571428,290178.0,454313.0,288.42857142857144,33678243.0,33651221.0,33623072.0,33693148.0
2021-09-28,26424.571428571424,281798.0,454694.0,287.0,33693148.0,33678243.0,33651221.0,33715049.0
2021-09-29,25164.85714285714,275895.0,455008.0,291.42857142857144,33715049.0,33693148.0,33678243.0,33738188.0
2021-09-30,24570.85714285714,274670.0,455294.0,286.0,33738188.0,33715049.0,33693148.0,33765488.0
2021-10-01,23760.85714285714,272887.0,455531.0,277.7142857142857,33765488.0,33738188.0,33715049.0,33789398.0
2021-10-02,23048.285714285714,270758.0,455776.0,275.2857142857143,33789398.0,33765488.0,33738188.0,33812559.0
2021-10-03,22285.714285714286,264638.0,455961.0,261.57142857142856,33812559.0,33789398.0,33765488.0,33834243.0
2021-10-04,22551.0,251820.00000000003,456219.0,272.2857142857143,33834243.0,33812559.0,33789398.0,33851005.0
2021-10-05,22190.85714285714,245822.0,456508.0,259.14285714285717,33851005.0,33834243.0,33812559.0,33870385.0
2021-10-06,22116.285714285714,243495.00000000003,456828.0,260.0,33870385.0,33851005.0,33834243.0,33893002.0
2021-10-07,21282.428571428572,239719.0,457109.0,259.2857142857143,33893002.0,33870385.0,33851005.0,33914465.0
2021-10-08,20705.285714285714,236271.0,457361.0,261.42857142857144,33914465.0,33893002.0,33870385.0,33934335.0
2021-10-09,19959.428571428572,230401.0,457578.0,257.42857142857144,33934335.0,33914465.0,33893002.0,33952275.0
2021-10-10,19578.571428571428,227640.0,457774.0,259.0,33952275.0,33934335.0,33914465.0,33971293.0
2021-10-11,19067.714285714286,214075.0,457953.0,247.71428571428572,33971293.0,33952275.0,33934335.0,33984479.0
2021-10-12,18587.85714285714,207013.0,458186.0,239.7142857142857,33984479.0,33971293.0,33952275.0,34000500.0
2021-10-13,18096.85714285714,206144.0,458439.0,230.14285714285717,34000500.0,33984479.0,33971293.0,34019680.0
2021-10-14,17459.85714285714,203376.0,458823.0,244.8571428571429,34019680.0,34000500.0,33984479.0,34036684.0
2021-10-15,16907.428571428572,201346.0,458988.0,232.42857142857142,34036684.0,34019680.0,34000500.0,34052687.0
2021-10-16,16355.0,195486.0,459136.0,222.57142857142858,34052687.0,34036684.0,34019680.0,34066760.0
2021-10-17,15679.42857142857,190030.0,459303.0,218.42857142857142,34066760.0,34052687.0,34036684.0,34081049.0
2021-10-18,15558.285714285714,182748.0,459469.0,216.57142857142858,34081049.0,34066760.0,34052687.0,34093387.0
2021-10-19,15403.285714285716,178030.0,459672.0,212.2857142857143,34093387.0,34081049.0,34066760.0,34108323.0
2021-10-20,15285.999999999998,178667.0,459834.0,199.28571428571428,34108323.0,34093387.0,34081049.0,34126682.0
2021-10-21,15108.142857142857,175554.0,460070.0,178.14285714285714,34126682.0,34108323.0,34093387.0,34142441.0
2021-10-22,15155.0,173576.0,460746.0,251.14285714285714,34142441.0,34126682.0,34108323.0,34158772.0
2021-10-23,15440.428571428569,172580.0,461313.0,311.0,34158772.0,34142441.0,34126682.0,34174843.0
2021-10-24,15490.714285714288,168074.0,461761.0,351.14285714285717,34174843.0,34158772.0,34142441.0,34189484.0
2021-10-25,15424.285714285714,163610.0,462124.0,379.2857142857143,34189484.0,34174843.0,34158772.0,34201357.0
2021-10-26,15220.285714285716,162476.0,462717.0,435.0,34201357.0,34189484.0,34174843.0,34214865.0
2021-10-27,14932.142857142859,161025.0,463463.0,518.4285714285714,34214865.0,34201357.0,34189484.0,34231207.0
2021-10-28,14726.999999999998,161310.0,464278.0,601.142857142857,34231207.0,34214865.0,34201357.0,34245530.0
2021-10-29,14421.0,161457.0,464838.0,584.5714285714286,34245530.0,34231207.0,34214865.0,34259719.0
2021-10-30,13976.285714285714,159208.0,465290.0,568.1428571428571,34259719.0,34245530.0,34231207.0,34272677.0
2021-10-31,13732.571428571431,158718.0,465545.0,540.5714285714286,34272677.0,34259719.0,34245530.0,34285612.0
2021-11-01,13431.999999999998,153499.0,465990.0,552.2857142857143,34285612.0,34272677.0,34259719.0,34295381.0
2021-11-02,13044.57142857143,150396.0,466289.0,510.2857142857143,34295381.0,34285612.0,34272677.0,34306177.0
2021-11-03,12705.0,149023.0,466754.0,470.14285714285717,34306177.0,34295381.0,34285612.0,34320142.0
2021-11-04,12410.999999999998,149713.0,466972.0,384.8571428571428,34320142.0,34306177.0,34295381.0,34332407.0
2021-11-05,12052.57142857143,147793.0,467371.0,361.85714285714283,34332407.0,34320142.0,34306177.0,34344087.0
2021-11-06,11755.57142857143,146142.0,467898.0,372.57142857142856,34344087.0,34332407.0,34320142.0,34354966.0
2021-11-07,11571.714285714286,144968.0,468158.0,373.2857142857143,34354966.0,34344087.0,34332407.0,34366614.0
2021-11-08,11296.285714285714,142751.0,468467.0,353.85714285714283,34366614.0,34354966.0,34344087.0,34374455.0
2021-11-09,11515.57142857143,141779.0,468954.0,380.7142857142857,34374455.0,34366614.0,34354966.0,34386786.0
2021-11-10,11646.857142857143,145301.0,469322.0,366.85714285714283,34386786.0,34374455.0,34366614.0,34401670.0
2021-11-11,11682.714285714286,143430.0,469831.0,408.42857142857144,34401670.0,34386786.0,34374455.0,34414186.0
2021-11-12,11707.0,141562.0,470394.0,431.85714285714283,34414186.0,34401670.0,34386786.0,34426036.0
2021-11-13,11763.0,140141.0,470683.0,397.85714285714283,34426036.0,34414186.0,34401670.0,34437307.0
2021-11-14,11560.285714285714,138867.0,470810.0,378.85714285714283,34437307.0,34426036.0,34414186.0,34447536.0
2021-11-15,11706.57142857143,135605.0,471011.0,363.42857142857144,34447536.0,34437307.0,34426036.0,34456401.0
2021-11-16,11401.714285714286,133525.0,471317.0,337.57142857142856,34456401.0,34447536.0,34437307.0,34466598.0
2021-11-17,10978.142857142857,132833.0,471794.0,353.1428571428572,34466598.0,34456401.0,34447536.0,34478517.0
2021-11-18,10776.714285714286,132231.0,472260.0,347.0,34478517.0,34466598.0,34456401.0,34489623.0
2021-11-19,10555.57142857143,129473.0,472531.0,305.2857142857143,34489623.0,34478517.0,34466598.0,34499925.0
2021-11-20,10443.714285714286,127855.99999999999,472849.0,309.42857142857144,34499925.0,34489623.0,34478517.0,34510413.0
2021-11-21,10195.0,123762.0,473102.0,327.42857142857144,34510413.0,34499925.0,34489623.0,34518901.0
2021-11-22,10011.285714285714,118591.00000000001,473342.0,333.0,34518901.0,34510413.0,34499925.0,34526480.0
2021-11-23,9880.714285714286,115229.0,473785.0,352.57142857142856,34526480.0,34518901.0,34510413.0,34535763.0
2021-11-24,9480.714285714286,112997.0,474187.0,341.85714285714283,34535763.0,34526480.0,34518901.0,34544882.0
2021-11-25,9401.142857142857,112786.0,474683.0,346.1428571428572,34544882.0,34535763.0,34526480.0,34555431.0
2021-11-26,9117.714285714286,110764.0,475155.0,374.85714285714283,34555431.0,34544882.0,34535763.0,34563749.0
2021-11-27,8872.857142857143,107940.0,475786.0,419.57142857142856,34563749.0,34555431.0,34544882.0,34572523.0
2021-11-28,8847.285714285714,106528.0,476026.0,417.7142857142857,34572523.0,34563749.0,34555431.0,34580832.0
2021-11-29,8763.142857142857,103421.0,476218.0,410.85714285714283,34580832.0,34572523.0,34563749.0,34587822.0
2021-11-30,8716.142857142857,101988.0,476489.0,386.28571428571433,34587822.0,34580832.0,34572523.0,34596776.0
2021-12-01,8808.42857142857,101062.0,476973.0,398.0,34596776.0,34587822.0,34580832.0,34606541.0
2021-12-02,8618.0,101333.0,477370.0,383.85714285714283,34606541.0,34596776.0,34587822.0,34615757.0
2021-12-03,8658.714285714286,100903.0,477791.0,376.57142857142856,34615757.0,34606541.0,34596776.0,34624360.0
2021-12-04,8676.0,101232.0,478167.0,340.14285714285717,34624360.0,34615757.0,34606541.0,34633255.0
2021-12-05,8675.57142857143,102406.0,478381.0,336.42857142857144,34633255.0,34624360.0,34615757.0,34641561.0
2021-12-06,8651.57142857143,100171.0,478604.0,340.85714285714283,34641561.0,34633255.0,34624360.0,34648383.0
2021-12-07,8578.0,98409.0,478801.0,330.2857142857143,34648383.0,34641561.0,34633255.0,34656822.0
2021-12-08,8528.57142857143,98143.0,478961.0,284.0,34656822.0,34648383.0,34641561.0,34666241.0
2021-12-09,8426.714285714286,97764.0,479592.0,317.4285714285715,34666241.0,34656822.0,34648383.0,34674744.0
2021-12-10,8339.42857142857,97681.0,479989.0,314.0,34674744.0,34666241.0,34656822.0,34682736.0
2021-12-11,8179.285714285714,95881.0,480298.0,304.42857142857144,34682736.0,34674744.0,34666241.0,34690510.0
2021-12-12,8042.714285714286,94562.0,480503.0,303.14285714285717,34690510.0,34682736.0,34674744.0,34697860.0
2021-12-13,7894.428571428571,92118.0,480758.0,307.7142857142857,34697860.0,34690510.0,34682736.0,34703644.0
2021-12-14,7686.857142857143,90859.0,481008.0,315.2857142857142,34703644.0,34697860.0,34690510.0,34710630.0
2021-12-15,7489.714285714285,90383.0,481355.0,342.0,34710630.0,34703644.0,34697860.0,34718669.0
2021-12-16,7329.285714285715,89420.0,481750.0,308.2857142857142,34718669.0,34710630.0,34703644.0,34726049.0
2021-12-17,7208.285714285716,88387.0,482042.0,293.2857142857143,34726049.0,34718669.0,34710630.0,34733194.0
2021-12-18,7109.285714285715,86495.0,482309.0,287.2857142857143,34733194.0,34726049.0,34718669.0,34740275.0
2021-12-19,6996.857142857143,85456.0,482442.0,277.0,34740275.0,34733194.0,34726049.0,34746838.0
2021-12-20,6931.428571428572,82247.0,482900.0,306.0,34746838.0,34740275.0,34733194.0,34752164.0
2021-12-21,6835.857142857143,80200.0,483221.0,316.14285714285717,34752164.0,34746838.0,34740275.0,34758481.0
2021-12-22,6758.142857142857,80351.0,483659.0,329.14285714285717,34758481.0,34752164.0,34746838.0,34765976.0
2021-12-23,6658.285714285715,79694.0,484037.0,326.7142857142857,34765976.0,34758481.0,34752164.0,34772657.0
2021-12-24,6660.142857142857,79410.0,484428.0,340.85714285714283,34772657.0,34765976.0,34758481.0,34779815.0
2021-12-25,6646.714285714285,78948.0,484591.0,326.0,34779815.0,34772657.0,34765976.0,34786802.0
2021-12-26,6642.142857142857,78070.0,484909.0,352.4285714285714,34786802.0,34779815.0,34772657.0,34793333.0
2021-12-27,6789.5714285714275,76991.0,485205.0,329.2857142857143,34793333.0,34786802.0,34779815.0,34799691.0
2021-12-28,7200.714285714286,79431.0,485510.0,327.0,34799691.0,34793333.0,34786802.0,34808886.0
2021-12-29,8009.142857142857,84967.0,485781.0,303.14285714285717,34808886.0,34799691.0,34793333.0,34822040.0
2021-12-30,9449.57142857143,94022.0,486004.0,281.0,34822040.0,34808886.0,34799691.0,34838804.0
2021-12-31,11680.57142857143,108802.0,486414.0,283.7142857142857,34838804.0,34822040.0,34808886.0,34861579.0
2022-01-01,14618.57142857143,117870.00000000001,486701.0,301.42857142857144,34861579.0,34838804.0,34822040.0,34889132.0
2022-01-02,18507.0,151496.0,486825.0,273.7142857142857,34889132.0,34861579.0,34838804.0,34922882.0
2022-01-03,22938.571428571428,177904.0,486950.0,249.2857142857143,34922882.0,34889132.0,34861579.0,34960261.0
2022-01-04,29924.571428571428,209066.0,487489.0,282.7142857142857,34960261.0,34922882.0,34889132.0,35018358.0
2022-01-05,41035.142857142855,279213.0,487818.0,291.0,35018358.0,34960261.0,34922882.0,35109286.0
2022-01-06,55368.857142857145,366418.0,488123.0,302.7142857142858,35109286.0,35018358.0,34960261.0,35226386.0
2022-01-07,72399.0,467221.0,488411.0,285.2857142857143,35226386.0,35109286.0,35018358.0,35368372.0
2022-01-08,91267.42857142857,585659.0,488742.0,291.57142857142856,35368372.0,35226386.0,35109286.0,35528004.0
2022-01-09,112222.85714285714,719381.0,488889.0,294.85714285714283,35528004.0,35368372.0,35226386.0,35708442.0
2022-01-10,130789.85714285716,816490.0,489169.0,317.0,35708442.0,35528004.0,35368372.0,35875790.0
2022-01-11,150307.42857142858,950359.0,489615.0,303.7142857142857,35875790.0,35708442.0,35528004.0,36070510.0
2022-01-12,172663.0,1112567.0,489999.0,311.5714285714286,36070510.0,35875790.0,35708442.0,36317927.0
2022-01-13,193677.57142857142,1267106.0,490317.0,313.4285714285714,36317927.0,36070510.0,35875790.0,36582129.0
2022-01-14,211798.5714285714,1412821.0,490751.0,334.2857142857143,36582129.0,36317927.0,36070510.0,36850962.0
2022-01-15,227737.1428571429,1545375.0,491068.0,332.2857142857143,36850962.0,36582129.0,36317927.0,37122164.0
2022-01-16,238830.14285714287,1651332.0,491460.0,367.2857142857143,37122164.0,36850962.0,36582129.0,37380253.0
2022-01-17,248925.85714285713,1731624.0,491765.0,370.8571428571429,37380253.0,37122164.0,36850962.0,37618271.0
2022-01-18,261533.0,1825991.0,492211.0,370.8571428571429,37618271.0,37380253.0,37122164.0,37901241.0
2022-01-19,271549.4285714286,1919035.0,492709.0,387.14285714285717,37901241.0,37618271.0,37380253.0,38218773.0
2022-01-20,283414.0,2013802.0000000002,493419.0,443.14285714285717,38218773.0,37901241.0,37618271.0,38566027.0
2022-01-21,293252.71428571426,2108336.0,493913.0,451.7142857142857,38566027.0,38218773.0,37901241.0,38903731.0
2022-01-22,302157.14285714284,2182185.0,494429.0,480.1428571428571,38903731.0,38566027.0,38218773.0,39237264.0
2022-01-23,309010.71428571426,2244275.0,494908.0,492.57142857142856,39237264.0,38903731.0,38566027.0,39543328.0
2022-01-24,311561.5714285714,2231825.0,495479.0,530.5714285714286,39543328.0,39237264.0,38903731.0,39799202.0
2022-01-25,311982.14285714284,2217967.0,496178.0,566.7142857142857,39799202.0,39543328.0,39237264.0,40085116.0
2022-01-26,307532.4285714286,2197414.0,496758.0,578.4285714285714,40085116.0,39799202.0,39543328.0,40371500.0
2022-01-27,293811.71428571426,2100546.0,497392.0,567.5714285714286,40371500.0,40085116.0,39799202.0,40622709.0
2022-01-28,279215.71428571426,1999268.0000000002,498263.0,621.4285714285714,40622709.0,40371500.0,40085116.0,40858241.0
2022-01-29,265036.85714285716,1879864.0,499164.0,676.4285714285714,40858241.0,40622709.0,40371500.0,41092522.0
2022-01-30,251301.7142857143,1826205.0,500113.0,743.5714285714284,41092522.0,40858241.0,40622709.0,41302440.0
2022-01-31,238613.8571428571,1737958.0,501343.0,837.7142857142857,41302440.0,41092522.0,40858241.0,41469499.0
2022-02-01,220824.14285714287,1616490.0,503088.0,987.1428571428571,41469499.0,41302440.0,41092522.0,41630885.0
2022-02-02,204545.42857142858,1528814.0,504090.0,1047.4285714285713,41630885.0,41469499.0,41302440.0,41803318.0
2022-02-03,190000.42857142858,1430422.0,505202.0,1115.7142857142858,41803318.0,41630885.0,41469499.0,41952712.0
2022-02-04,174631.85714285713,1326493.0,506269.0,1143.7142857142858,41952712.0,41803318.0,41630885.0,42080664.0
2022-02-05,156516.57142857142,1219847.0,507143.0,1139.857142857143,42080664.0,41952712.0,41803318.0,42188138.0
2022-02-06,138510.57142857142,1103763.0,508049.0,1133.7142857142858,42188138.0,42080664.0,41952712.0,42272014.0
2022-02-07,124301.7142857143,989719.0000000001,509234.0,1127.2857142857142,42272014.0,42188138.0,42080664.0,42339611.0
2022-02-08,111441.57142857145,887630.0,510477.0,1055.5714285714287,42339611.0,42272014.0,42188138.0,42410976.0
2022-02-09,96391.71428571429,785578.0,511731.0,1091.5714285714287,42410976.0,42339611.0,42272014.0,42478060.0
2022-02-10,83346.42857142857,692582.0,512397.0,1027.857142857143,42478060.0,42410976.0,42339611.0,42536137.0
2022-02-11,72268.57142857143,605215.0,513209.0,991.4285714285714,42536137.0,42478060.0,42410976.0,42586544.0
2022-02-12,63326.142857142855,531841.0,513869.0,960.8571428571429,42586544.0,42536137.0,42478060.0,42631421.0
2022-02-13,56217.142857142855,473642.0,514251.0,885.9999999999999,42631421.0,42586544.0,42536137.0,42665534.0
2022-02-14,50476.0,417885.0,514600.0,766.5714285714286,42665534.0,42631421.0,42586544.0,42692943.0
2022-02-15,44654.57142857143,364992.0,515120.0,663.2857142857142,42692943.0,42665534.0,42631421.0,42723558.0
2022-02-16,39465.0,327668.0,515663.0,561.7142857142857,42723558.0,42692943.0,42665534.0,42754315.0
2022-02-17,34871.142857142855,286833.0,516164.0,538.1428571428571,42754315.0,42723558.0,42692943.0,42780235.0
2022-02-18,30851.571428571428,248476.0,516493.0,469.14285714285717,42780235.0,42754315.0,42723558.0,42802505.0
2022-02-19,27293.14285714286,218917.0,517173.0,472.0,42802505.0,42780235.0,42754315.0,42822473.0
2022-02-20,24712.85714285714,196858.0,517382.0,447.2857142857143,42822473.0,42802505.0,42780235.0,42838524.0
2022-02-21,22712.285714285714,175804.0,517615.0,430.7142857142857,42838524.0,42822473.0,42802505.0,42851929.0
2022-02-22,20496.14285714286,159245.0,517899.0,396.99999999999994,42851929.0,42838524.0,42822473.0,42867031.0
2022-02-23,18123.428571428572,143079.0,518204.0,363.0,42867031.0,42851929.0,42838524.0,42881179.0
2022-02-24,16301.42857142857,128950.0,518511.0,335.2857142857143,42881179.0,42867031.0,42851929.0,42894345.0
2022-02-25,14762.714285714286,116594.0,518768.0,325.0,42894345.0,42881179.0,42867031.0,42905844.0
2022-02-26,13377.714285714284,106181.0,519015.0,263.14285714285717,42905844.0,42894345.0,42881179.0,42916117.0
2022-02-27,12229.42857142857,97341.0,519103.0,245.85714285714286,42916117.0,42905844.0,42894345.0,42924130.0
2022-02-28,11302.285714285714,87178.0,519317.0,243.14285714285714,42924130.0,42916117.0,42905844.0,42931045.0
2022-03-01,10224.0,80416.0,519510.0,230.14285714285717,42931045.0,42924130.0,42916117.0,42938599.0
2022-03-02,9140.142857142857,71856.0,519684.0,211.42857142857142,42938599.0,42931045.0,42924130.0,42945160.0
2022-03-03,8172.999999999999,64598.0,519888.0,196.71428571428572,42945160.0,42938599.0,42931045.0,42951556.0
2022-03-04,7376.142857142857,58577.0,520179.0,201.57142857142858,42951556.0,42945160.0,42938599.0,42957477.0
2022-03-05,6690.857142857143,54143.0,520335.0,188.57142857142858,42957477.0,42951556.0,42945160.0,42962953.0
2022-03-06,6169.285714285715,48814.0,520406.0,186.14285714285714,42962953.0,42957477.0,42951556.0,42967315.0
2022-03-07,5751.857142857143,44643.0,520515.0,171.14285714285714,42967315.0,42962953.0,42957477.0,42971308.0
2022-03-08,5326.285714285715,41656.0,520661.0,164.42857142857142,42971308.0,42967315.0,42962953.0,42975883.0
2022-03-09,4986.714285714285,39181.0,520766.0,154.57142857142858,42975883.0,42971308.0,42967315.0,42980067.0
2022-03-10,4672.142857142857,36909.0,521024.0,162.28571428571428,42980067.0,42975883.0,42971308.0,42984261.0
2022-03-11,4342.571428571428,35249.0,521113.0,133.42857142857142,42984261.0,42980067.0,42975883.0,42987875.0
2022-03-12,4005.4285714285716,32789.0,521130.0,113.57142857142857,42987875.0,42984261.0,42980067.0,42990991.0
2022-03-13,3739.8571428571427,30858.0,521187.0,111.57142857142858,42990991.0,42987875.0,42984261.0,42993494.0
2022-03-14,3536.285714285714,28605.0,521286.0,110.14285714285714,42993494.0,42990991.0,42987875.0,42996062.0
2022-03-15,3293.5714285714284,27498.0,521385.0,103.42857142857143,42996062.0,42993494.0,42990991.0,42998938.0
2022-03-16,3058.5714285714284,25487.0,521444.0,96.85714285714286,42998938.0,42996062.0,42993494.0,43001477.0
2022-03-17,2820.5714285714284,23867.0,521595.0,81.57142857142858,43001477.0,42998938.0,42996062.0,43004005.0
2022-03-18,2600.714285714286,22489.0,521665.0,78.85714285714286,43004005.0,43001477.0,42998938.0,43006080.0
2022-03-19,2407.1428571428573,20924.0,521795.0,95.0,43006080.0,43004005.0,43001477.0,43007841.0
2022-03-20,2270.8571428571427,19815.0,521801.0,87.71428571428571,43007841.0,43006080.0,43004005.0,43009390.0
2022-03-21,2129.8571428571427,18597.0,521859.0,81.85714285714286,43009390.0,43007841.0,43006080.0,43010971.0
2022-03-22,1973.0,17771.0,521921.0,76.57142857142857,43010971.0,43009390.0,43007841.0,43012749.0
2022-03-23,1887.142857142857,17111.0,521988.0,77.71428571428572,43012749.0,43010971.0,43009390.0,43014687.0
2022-03-24,1766.7142857142858,16215.0,522070.0,67.85714285714286,43014687.0,43012749.0,43010971.0,43016372.0
2022-03-25,1707.428571428571,15431.0,522165.0,71.42857142857143,43016372.0,43014687.0,43012749.0,43018032.0
2022-03-26,1658.857142857143,14877.000000000002,522314.0,74.14285714285714,43018032.0,43016372.0,43014687.0,43019453.0
2022-03-27,1619.0000000000002,14548.0,522346.0,77.85714285714286,43019453.0,43018032.0,43016372.0,43020723.0
2022-03-28,1573.0000000000002,14070.0,522378.0,74.14285714285714,43020723.0,43019453.0,43018032.0,43021982.0
2022-03-29,1495.142857142857,13394.0,522411.0,70.0,43021982.0,43020723.0,43019453.0,43023215.0
2022-03-30,1393.2857142857142,12997.0,522439.0,64.42857142857143,43023215.0,43021982.0,43020723.0,43024440.0
2022-03-31,1343.2857142857142,12362.0,522491.0,60.142857142857146,43024440.0,43023215.0,43021982.0,43025775.0
2022-04-01,1286.142857142857,12136.0,522573.0,58.285714285714285,43025775.0,43024440.0,43023215.0,43027035.0
2022-04-02,1239.7142857142858,11704.0,522654.0,48.57142857142857,43027035.0,43025775.0,43024440.0,43028131.0
2022-04-03,1188.7142857142858,11287.0,522668.0,46.0,43028131.0,43027035.0,43025775.0,43029044.0
2022-04-04,1122.4285714285713,10744.0,522726.0,49.71428571428571,43029044.0,43028131.0,43027035.0,43029839.0
2022-04-05,1101.4285714285713,10560.0,522798.0,55.285714285714285,43029839.0,43029044.0,43028131.0,43030925.0
2022-04-06,1074.0,10329.0,522840.0,57.285714285714285,43030925.0,43029839.0,43029044.0,43031958.0
2022-04-07,1041.7142857142858,10181.0,522884.0,56.142857142857146,43031958.0,43030925.0,43029839.0,43033067.0
2022-04-08,1026.0,10055.0,522966.0,56.142857142857146,43033067.0,43031958.0,43030925.0,43034217.0
2022-04-09,1019.9999999999999,9842.0,522975.0,45.857142857142854,43034217.0,43033067.0,43031958.0,43035271.0
2022-04-10,1012.5714285714287,9747.0,523002.0,47.714285714285715,43035271.0,43034217.0,43033067.0,43036132.0
2022-04-11,1012.7142857142857,9555.0,523044.0,45.42857142857143,43036132.0,43035271.0,43034217.0,43036928.0
2022-04-12,1013.0000000000001,9532.0,523074.0,39.42857142857143,43036928.0,43036132.0,43035271.0,43038016.0
2022-04-13,1009.2857142857143,9691.0,523104.0,37.714285714285715,43038016.0,43036928.0,43036132.0,43039023.0
2022-04-14,986.4285714285714,9790.0,523144.0,37.142857142857146,43039023.0,43038016.0,43036928.0,43039972.0
2022-04-15,961.4285714285714,9934.0,523179.0,30.428571428571427,43039972.0,43039023.0,43038016.0,43040947.0
2022-04-16,975.1428571428571,10095.0,523214.0,34.142857142857146,43040947.0,43039972.0,43039023.0,43042097.0
2022-04-17,1164.0,10262.0,523245.0,34.714285714285715,43042097.0,43040947.0,43039972.0,43044280.0
2022-04-18,1228.4285714285713,10550.0,523276.0,33.142857142857146,43044280.0,43042097.0,43040947.0,43045527.0
2022-04-19,1368.2857142857142,11060.0,523286.0,30.28571428571429,43045527.0,43044280.0,43042097.0,43047594.0
2022-04-20,1564.4285714285713,12153.0,523342.0,34.0,43047594.0,43045527.0,43044280.0,43049974.0
2022-04-21,1779.0,12961.0,523396.0,36.0,43049974.0,43047594.0,43045527.0,43052425.0
2022-04-22,2000.7142857142858,13799.0,523429.0,35.714285714285715,43052425.0,43049974.0,43047594.0,43054952.0
2022-04-23,2206.8571428571427,14593.0,523473.0,37.0,43054952.0,43052425.0,43049974.0,43057545.0
2022-04-24,2258.0,15242.0,523503.0,36.857142857142854,43057545.0,43054952.0,43052425.0,43060086.0
2022-04-25,2367.1428571428573,15283.0,523503.0,32.42857142857143,43060086.0,43057545.0,43054952.0,43062097.0
2022-04-26,2581.714285714286,16449.0,523654.0,52.57142857142856,43062097.0,43060086.0,43057545.0,43065666.0
2022-04-27,2689.285714285714,16980.0,523693.0,50.142857142857146,43065666.0,43062097.0,43060086.0,43068799.0
2022-04-28,2865.8571428571427,18111.0,523753.0,51.00000000000001,43068799.0,43065666.0,43062097.0,43072486.0
2022-04-29,2987.4285714285716,18684.0,523803.0,53.42857142857143,43072486.0,43068799.0,43065666.0,43075864.0
2022-04-30,3091.857142857143,19092.0,523843.0,52.857142857142854,43075864.0,43072486.0,43068799.0,43079188.0
2022-05-01,3202.2857142857138,19657.0,523869.0,52.285714285714285,43079188.0,43075864.0,43072486.0,43082502.0
2022-05-02,3295.5714285714284,19390.0,523889.0,55.14285714285714,43082502.0,43079188.0,43075864.0,43085166.0
2022-05-03,3247.857142857143,19792.0,523920.0,38.0,43085166.0,43082502.0,43079188.0,43088401.0
2022-05-04,3227.714285714286,19719.0,523975.0,40.28571428571428,43088401.0,43085166.0,43082502.0,43091393.0
2022-05-05,3151.714285714286,22847.0,524002.0,35.57142857142857,43091393.0,43088401.0,43085166.0,43094548.0
2022-05-06,3268.4285714285716,20303.0,524024.0,31.571428571428577,43094548.0,43091393.0,43088401.0,43098743.0
2022-05-07,3331.428571428571,20949.0,524064.0,31.571428571428577,43098743.0,43094548.0,43091393.0,43102508.0
2022-05-08,3271.285714285714,20403.0,524093.0,32.0,43102508.0,43098743.0,43094548.0,43105401.0
2022-05-09,3217.571428571429,19637.0,524103.0,30.571428571428573,43105401.0,43102508.0,43098743.0,43107689.0
2022-05-10,3169.285714285714,19494.0,524157.0,33.857142857142854,43107689.0,43105401.0,43102508.0,43110586.0
2022-05-11,3145.7142857142862,19067.0,524181.0,29.428571428571427,43110586.0,43107689.0,43105401.0,43113413.0
2022-05-12,3150.285714285714,18950.0,524190.0,26.85714285714286,43113413.0,43110586.0,43107689.0,43116600.0
2022-05-13,2909.8571428571427,18096.0,524201.0,25.285714285714285,43116600.0,43113413.0,43110586.0,43119112.0
2022-05-14,2727.285714285714,17692.0,524214.0,21.428571428571427,43119112.00000001,43116600.0,43113412.99999999,43121599.00000001
